code,name,pixel_x,pixel_y,lat,lon
ABSH01,北海道 雄武,289,42,44.5276,142.8444
ABSH02,北海道 興部西,293,45,44.4234,143.0264
ABSH03,北海道 興部東,297,46,44.3843,143.2407
ABSH04,北海道 滝上北,294,50,44.192,143.0767
ABSH05,北海道 滝上南,293,52,44.1146,143.0111
ABSH06,北海道 湧別北,305,50,44.2146,143.6202
ABSH07,北海道 白滝,294,59,43.8494,143.0861
ABSH08,北海道 斜里北,333,53,44.064,144.9935
ABSH09,北海道 斜里南,329,57,43.9269,144.8071
ABSH10,北海道 佐呂間,312,53,44.0813,143.9455
ABSH11,北海道 女満別,317,57,43.9144,144.1913
ABSH12,北海道 小清水,322,57,43.8566,144.4574
ABSH13,北海道 留辺蘂,302,61,43.7419,143.4514
ABSH14,北海道 美幌,317,62,43.7228,144.1835
ABSH15,北海道 置戸東,302,65,43.6352,143.51
AIC001,愛知県 尾西,166,268,35.2974,136.7505
AIC002,愛知県 小牧,169,269,35.2979,136.9154
AIC003,愛知県 津島,165,272,35.1734,136.7402
AIC004,愛知県 名古屋,170,274,35.0631,136.9738
AIC005,愛知県 藤岡,175,271,35.1983,137.2061
AIC006,愛知県 稲武,181,270,35.2158,137.5089
AIC007,愛知県 足助,0,0,35.1394,137.3353
AIC008,愛知県 設楽,182,273,35.1006,137.5757
AIC009,愛知県 豊田,173,274,35.0813,137.1466
AIC010,愛知県 作手,179,276,34.9803,137.4297
AIC011,愛知県 知多,168,276,34.9966,136.8641
AIC012,愛知県 安城,171,279,34.9119,137.0446
AIC013,愛知県 長篠,182,278,34.9529,137.6067
AIC014,愛知県 蒲郡,175,280,34.8285,137.2199
AIC015,愛知県 豊橋,180,283,34.7552,137.404
AIC016,愛知県 美浜,169,280,34.7784,136.9082
AIC017,愛知県 田原,175,283,34.6697,137.2638
AIC018,愛知県 渥美,173,285,34.622,137.1086
AICH04,愛知県 安城,172,277,34.9319,137.0568
AICH05,愛知県 常滑,0,0,34.8886,136.8763
AICH06,愛知県 渥美,171,285,34.6158,137.0419
AICH07,愛知県 旭,179,270,35.2194,137.4039
AICH08,愛知県 額田,177,278,34.9189,137.2993
AICH09,愛知県 豊橋,178,284,34.6643,137.3902
AICH10,愛知県 鳳来,183,275,35.0002,137.6243
AICH11,愛知県 春日井,172,268,35.3059,137.057
AICH12,愛知県 幡豆,173,281,34.7884,137.1057
AICH13,愛知県 清洲,167,270,35.2177,136.8509
AICH14,愛知県 長久手,171,271,35.1842,137.0474
AICH15,愛知県 足助,177,272,35.1392,137.3359
AICH16,愛知県 設楽,181,271,35.1543,137.535
AICH17,愛知県 豊根,185,271,35.184,137.7268
AICH18,愛知県 岡崎,175,277,34.9635,137.2377
AICH19,愛知県 作手,179,278,34.9512,137.4114
AICH20,愛知県 新城,181,278,34.8976,137.4876
AICH21,愛知県 南知多,169,282,34.7401,136.9385
AICH22,愛知県 豊橋北,179,281,34.7853,137.4393
AICH23,愛知県 常滑2,167,279,34.8806,136.8316
AKT001,秋田県 小坂,247,145,40.328,140.7429
AKT002,秋田県 大館,243,148,40.2676,140.5664
AKT003,秋田県 藤里,237,147,40.2784,140.2631
AKT004,秋田県 八森,231,144,40.3886,139.9822
AKT005,秋田県 能代,232,148,40.202,140.0286
AKT006,秋田県 鹿角,248,148,40.2153,140.7873
AKT007,秋田県 琴丘,233,152,40.0376,140.0919
AKT008,秋田県 飯田川,233,157,39.884,140.0706
AKT009,秋田県 男鹿,228,156,39.8869,139.8467
AKT010,秋田県 秋田,234,160,39.7223,140.0998
AKT011,秋田県 宮田,0,0,39.8133,140.5805
AKT012,秋田県 田沢湖,246,161,39.7014,140.7178
AKT013,秋田県 協和,237,163,39.6071,140.3209
AKT014,秋田県 角館,242,164,39.595,140.5573
AKT015,秋田県 本荘,233,168,39.3844,140.0519
AKT016,秋田県 大曲,241,167,39.4545,140.4758
AKT017,秋田県 横手,243,170,39.2978,140.5621
AKT018,秋田県 鳥海,236,173,39.1937,140.1899
AKT019,秋田県 雄勝,240,177,39.039,140.449
AKT020,秋田県 象潟,230,173,39.2027,139.9088
AKT021,秋田県 阿仁,240,152,39.994,140.4035
AKT022,秋田県 玉川,246,158,39.7739,140.6669
AKT023,秋田県 椿台,246,175,39.1464,140.7161
AKTH01,秋田県 西木北,243,158,39.8147,140.579
AKTH02,秋田県 西木南,243,161,39.6634,140.5721
AKTH03,秋田県 矢島,233,172,39.2223,140.1283
AKTH04,秋田県 東成瀬,246,172,39.174,140.7129
AKTH05,秋田県 鳥海,238,176,39.0718,140.3185
AKTH06,秋田県 雄勝,242,178,38.9801,140.4952
AKTH07,秋田県 小坂,249,142,40.4563,140.8395
AKTH08,秋田県 藤里,236,144,40.3188,140.2341
AKTH09,秋田県 田代,241,146,40.2755,140.4596
AKTH10,秋田県 大館,243,145,40.3002,140.5812
AKTH11,秋田県 男鹿,227,154,39.9554,139.7623
AKTH12,秋田県 五城目,236,155,39.9155,140.2221
AKTH13,秋田県 阿仁,240,155,39.9819,140.4072
AKTH14,秋田県 鹿角,248,152,40.0622,140.8084
AKTH15,秋田県 協和,240,161,39.6884,140.4075
AKTH16,秋田県 西仙北,240,164,39.545,140.3481
AKTH17,秋田県 中仙,245,164,39.5575,140.6116
AKTH18,秋田県 大森,239,169,39.3548,140.3869
AKTH19,秋田県 湯沢,241,173,39.1913,140.471
AOM001,青森県 大間,0,0,41.5269,140.9246
AOM002,青森県 福浦,248,121,41.328,140.8132
AOM003,青森県 大畑,255,119,41.4054,141.1699
AOM004,青森県 尻屋,261,119,41.4064,141.4477
AOM005,青森県 むつ,256,121,41.2949,141.1972
AOM006,青森県 川内,252,126,41.1976,140.9979
AOM007,青森県 南通,260,124,41.1689,141.3845
AOM008,青森県 横浜,256,126,41.0844,141.2554
AOM009,青森県 六ヶ所,0,0,40.9658,141.373
AOM010,青森県 野辺地,256,132,40.8724,141.1427
AOM011,青森県 三沢,258,135,40.6803,141.3669
AOM012,青森県 八戸,262,141,40.5127,141.488
AOM013,青森県 南部,256,143,40.4126,141.2813
AOM014,青森県 子ノ口,252,142,40.4472,140.9403
AOM015,青森県 碇ヶ関,245,141,40.4791,140.6268
AOM016,青森県 弘前,242,138,40.6021,140.4982
AOM017,青森県 深浦,230,137,40.6388,139.9295
AOM018,青森県 鯵ヶ沢,235,134,40.7776,140.206
AOM019,青森県 五所川原,241,133,40.8152,140.447
AOM020,青森県 青森,247,133,40.8194,140.7498
AOM021,青森県 十和田,257,137,40.615,141.2083
AOM022,青森県 東田沢,250,129,40.9923,140.9161
AOM023,青森県 中里,240,130,40.9664,140.4317
AOM024,青森県 蟹田,245,127,41.0473,140.6399
AOM025,青森県 今別,241,124,41.1797,140.4805
AOM026,青森県 小泊,238,125,41.128,140.3107
AOM027,青森県 脇野沢,248,125,41.1457,140.8219
AOM028,青森県 八甲田,250,136,40.7004,140.919
AOM029,青森県 西目屋,237,138,40.5764,140.2968
AOMH01,青森県 大間,250,116,41.5273,140.9127
AOMH02,青森県 佐井,249,119,41.4049,140.8567
AOMH03,青森県 川内,252,123,41.234,140.9896
AOMH04,青森県 青森,245,132,40.8524,140.6759
AOMH05,青森県 野辺地,253,132,40.8564,141.1033
AOMH06,青森県 六ヶ所,259,129,40.9664,141.3738
AOMH07,青森県 深浦,232,135,40.7451,140.0233
AOMH08,青森県 鰺ヶ沢,238,134,40.7618,140.3121
AOMH09,青森県 岩木,239,137,40.6199,140.3499
AOMH10,青森県 黒石,245,138,40.6091,140.6646
AOMH11,青森県 十和田湖西,252,139,40.58,140.995
AOMH12,青森県 十和田湖東,255,140,40.5846,141.1547
AOMH13,青森県 八戸,261,139,40.5794,141.4451
AOMH14,青森県 西目屋,237,141,40.5488,140.2726
AOMH15,青森県 大鰐,242,141,40.4841,140.5565
AOMH16,青森県 新郷,254,142,40.4624,141.0923
AOMH17,青森県 名川,259,142,40.4492,141.3374
AOMH18,青森県 田子,252,146,40.2962,141.0145
CHB001,千葉県 野田,229,252,35.9571,139.8731
CHB002,千葉県 松戸,229,255,35.7871,139.9024
CHB003,千葉県 白井,235,256,35.7926,140.0577
CHB004,千葉県 佐原,242,254,35.8889,140.4903
CHB005,千葉県 銚子,0,0,35.7353,140.8271
CHB006,千葉県 成田,238,257,35.779,140.3073
CHB007,千葉県 佐倉,236,258,35.7237,140.2246
CHB008,千葉県 浦安,230,261,35.6556,139.9027
CHB009,千葉県 千葉,236,260,35.5871,140.2378
CHB010,千葉県 八日市場,244,259,35.7086,140.5637
CHB011,千葉県 蓮沼,0,0,35.5877,140.4971
CHB012,千葉県 東金,239,262,35.5721,140.3436
CHB013,千葉県 茂原,237,265,35.4294,140.2892
CHB014,千葉県 姉崎,233,264,35.471,140.0454
CHB015,千葉県 木更津,231,267,35.3738,139.9199
CHB016,千葉県 岬,239,269,35.2998,140.3866
CHB017,千葉県 市場,233,269,35.2976,140.0734
CHB018,千葉県 勝浦,0,0,35.152,140.3204
CHB019,千葉県 鋸南,228,273,35.1106,139.836
CHB020,千葉県 鴨川,234,272,35.1132,140.1006
CHB021,千葉県 白浜,229,279,34.9078,139.8994
CHB022,千葉県 富津,229,269,35.3033,139.8555
CHB023,千葉県 館山,0,0,34.9741,139.8449
CHB024,千葉県 稲毛,232,260,35.6337,140.0781
CHB025,千葉県 千倉,231,276,34.9705,139.9458
CHB026,千葉県 長南,236,267,35.3858,140.2404
CHB027,千葉県 勝浦北,236,271,35.1806,140.2655
CHB028,千葉県 市川北,232,258,35.7664,139.9655
CHB029,千葉県 行徳,230,257,35.6948,139.9176
CHB030,千葉県 木更津市役所,0,0,35.3766,139.9151
CHBH04,千葉県 下総,232,256,35.7966,140.0206
CHBH06,千葉県 匝瑳,242,258,35.7215,140.5046
CHBH10,千葉県 千葉,236,262,35.5458,140.2417
CHBH11,千葉県 養老,236,269,35.2867,140.1529
CHBH12,千葉県 富津,229,266,35.3445,139.8554
CHBH13,千葉県 成田,238,255,35.8307,140.298
CHBH14,千葉県 銚子中,248,258,35.7342,140.823
CHBH15,千葉県 館山西,227,277,34.9591,139.7885
CHBH16,千葉県 鴨川,231,272,35.1384,139.9649
CHBH17,千葉県 勝浦東,238,272,35.1714,140.3398
CHBH19,千葉県 蓮沼,242,261,35.5943,140.5107
CHBH20,千葉県 鴨川南,233,274,35.0882,140.0997
EHM001,愛媛県 伊予三島,100,301,33.9788,133.5494
EHM002,愛媛県 新居浜,95,302,33.9211,133.3079
EHM003,愛媛県 東予,91,301,33.9253,133.0844
EHM004,愛媛県 今治,89,299,34.0627,132.9986
EHM005,愛媛県 川内,87,305,33.7973,132.9144
EHM006,愛媛県 美川,89,309,33.6412,133.008
EHM007,愛媛県 北条,84,301,33.9616,132.7719
EHM008,愛媛県 松山,84,305,33.8199,132.7282
EHM009,愛媛県 広田,85,309,33.6333,132.7965
EHM010,愛媛県 肱川,82,314,33.4511,132.6881
EHM011,愛媛県 八幡浜,77,314,33.4498,132.4341
EHM012,愛媛県 宇和島,80,320,33.2217,132.5724
EHM013,愛媛県 三崎,71,314,33.3917,132.114
EHM014,愛媛県 西海,79,326,32.9451,132.5042
EHM015,愛媛県 長浜,78,310,33.6094,132.4768
EHM016,愛媛県 伊予,82,306,33.7654,132.7089
EHMH01,愛媛県 津島,80,324,33.0556,132.5552
EHMH02,愛媛県 西条,93,304,33.865,133.184
EHMH03,愛媛県 新宮,102,302,33.9154,133.6497
EHMH04,愛媛県 丹原,90,303,33.9023,133.0658
EHMH05,愛媛県 砥部,85,307,33.7112,132.8032
EHMH06,愛媛県 日吉,85,317,33.3348,132.798
EHMH07,愛媛県 河辺,84,313,33.5022,132.748
EHMH08,愛媛県 柳谷,89,312,33.5388,133.0016
EHMH09,愛媛県 伊方,75,313,33.4719,132.3072
EHMH10,愛媛県 宮窪,90,296,34.1918,133.0581
EHMH11,愛媛県 大洲,81,311,33.5807,132.6011
EHMH12,愛媛県 宇和,79,314,33.427,132.5055
EHMH13,愛媛県 三崎,71,317,33.3719,132.1157
FKI001,福井県 三国,153,246,36.2193,136.1565
FKI002,福井県 越廼,150,250,36.0391,136.0135
FKI003,福井県 福井,155,251,36.074,136.2687
FKI004,福井県 大野,160,252,35.9793,136.4867
FKI005,福井県 武生,153,254,35.9068,136.1748
FKI006,福井県 今庄,154,257,35.7731,136.2001
FKI007,福井県 敦賀,0,0,35.6448,136.0575
FKI008,福井県 三方,149,262,35.5483,135.9091
FKI009,福井県 小浜,145,263,35.4956,135.7509
FKI010,福井県 高浜,142,264,35.4904,135.5518
FKI011,福井県 和泉,164,255,35.9097,136.6682
FKIH01,福井県 永平寺,157,249,36.0955,136.3617
FKIH02,福井県 織田,151,253,35.9483,136.0556
FKIH03,福井県 和泉,164,252,35.9415,136.699
FKIH04,福井県 三方,147,262,35.5587,135.8694
FKIH05,福井県 敦賀,151,260,35.639,136.0303
FKIH06,福井県 高浜,140,264,35.4907,135.4841
FKIH07,福井県 小浜,145,265,35.4573,135.7266
FKO001,福岡県 玄海,37,304,33.8425,130.5087
FKO002,福岡県 中間,42,305,33.8253,130.7058
FKO003,福岡県 北九州,47,305,33.8324,130.9013
FKO004,福岡県 行橋,49,307,33.7366,131.0121
FKO005,福岡県 飯塚,42,309,33.652,130.6965
FKO006,福岡県 福岡,36,310,33.5989,130.399
FKO007,福岡県 前原,32,311,33.5614,130.2024
FKO008,福岡県 添田,46,310,33.5712,130.8546
FKO009,福岡県 筑紫野,39,313,33.4954,130.5164
FKO010,福岡県 甘木,42,314,33.4236,130.6691
FKO011,福岡県 久留米,38,317,33.3237,130.5118
FKO012,福岡県 浮羽,45,316,33.332,130.794
FKO013,福岡県 八女,39,319,33.2254,130.5608
FKO014,福岡県 矢部,46,322,33.1496,130.8183
FKO015,福岡県 柳川,36,321,33.1629,130.4052
FKO016,福岡県 大牟田,37,325,33.0159,130.4472
FKOH01,福岡県 北九州,48,303,33.8849,130.9798
FKOH02,福岡県 若宮,40,308,33.6963,130.5963
FKOH03,福岡県 宇美,39,311,33.5608,130.5499
FKOH04,福岡県 嘉穂,43,311,33.5512,130.7451
FKOH05,福岡県 犀川,47,312,33.5293,130.9503
FKOH06,福岡県 豊前,51,310,33.5925,131.1348
FKOH07,福岡県 大刀洗,40,316,33.3678,130.6354
FKOH08,福岡県 小石原,45,313,33.4654,130.8285
FKOH09,福岡県 玄海,40,304,33.8501,130.5432
FKOH10,福岡県 浮羽,46,319,33.2891,130.817
FKS001,福島県 相馬,250,207,37.7946,140.9192
FKS002,福島県 梁川,244,206,37.8453,140.6008
FKS003,福島県 福島,241,208,37.7624,140.4781
FKS004,福島県 飯舘,246,210,37.6798,140.7342
FKS005,福島県 原町,252,211,37.6389,140.9853
FKS006,福島県 葛尾,248,213,37.5022,140.7593
FKS007,福島県 大熊,251,217,37.4061,140.9632
FKS008,福島県 船引,243,217,37.4343,140.567
FKS009,福島県 小野,244,219,37.2796,140.6344
FKS010,福島県 広野,252,221,37.2338,141.0018
FKS011,福島県 いわき,249,224,37.0917,140.9031
FKS012,福島県 勿来,248,229,36.9066,140.7928
FKS013,福島県 古殿,243,225,37.0893,140.5546
FKS014,福島県 矢祭,240,230,36.8864,140.4166
FKS015,福島県 棚倉,239,226,37.0237,140.3763
FKS016,福島県 白河,235,224,37.1232,140.191
FKS017,福島県 須賀川,240,220,37.2844,140.3689
FKS018,福島県 郡山,239,216,37.3959,140.3619
FKS019,福島県 二本松,240,212,37.6031,140.4381
FKS020,福島県 猪苗代,234,213,37.556,140.1226
FKS021,福島県 喜多方,229,211,37.6537,139.8607
FKS022,福島県 西会津,224,212,37.6005,139.6472
FKS023,福島県 会津若松,230,215,37.4775,139.9309
FKS024,福島県 中野,234,217,37.3963,140.1326
FKS025,福島県 下郷,229,218,37.3082,139.8994
FKS026,福島県 南郷,222,220,37.2664,139.5368
FKS027,福島県 滝原,225,225,37.0701,139.6807
FKS028,福島県 只見,219,220,37.3037,139.3619
FKS029,福島県 桧枝岐,0,0,37.0159,139.3806
FKS030,福島県 金山,222,216,37.4548,139.5252
FKS031,福島県 川内,249,218,37.3363,140.8087
FKSH01,福島県 西会津,226,208,37.7565,139.715
FKSH02,福島県 熱塩加納,229,209,37.7317,139.8821
FKSH03,福島県 高郷,226,212,37.6078,139.7533
FKSH04,福島県 会津高田,228,216,37.4508,139.8126
FKSH05,福島県 下郷,229,221,37.2544,139.8725
FKSH06,福島県 伊南,222,222,37.1723,139.5199
FKSH07,福島県 檜枝岐,219,226,37.0103,139.3755
FKSH08,福島県 長沼,236,220,37.2822,140.2144
FKSH09,福島県 郡山,240,218,37.353,140.4264
FKSH10,福島県 西郷,233,223,37.1616,140.093
FKSH11,福島県 矢吹,238,222,37.2006,140.3386
FKSH12,福島県 平田,243,222,37.2169,140.5703
FKSH13,福島県 いわき西,243,227,36.9951,140.5853
FKSH14,福島県 いわき東,250,227,37.0264,140.9702
FKSH15,福島県 猪苗代,235,211,37.6461,140.1735
FKSH16,福島県 福島,239,208,37.7643,140.3766
FKSH17,福島県 川俣,244,210,37.6636,140.5974
FKSH18,福島県 三春,242,215,37.4894,140.538
FKSH19,福島県 都路,245,216,37.4703,140.7227
FKSH20,福島県 浪江,252,215,37.4911,140.9871
FKSH21,福島県 只見,217,218,37.3421,139.3147
GIF001,岐阜県 白川,0,0,36.2743,136.8979
GIF002,岐阜県 河合,171,245,36.2734,137.0261
GIF003,岐阜県 神岡,176,243,36.3326,137.3019
GIF004,岐阜県 栃尾,0,0,36.2493,137.5175
GIF005,岐阜県 高山,177,247,36.1537,137.2513
GIF006,岐阜県 荘川,170,251,36.0334,136.9533
GIF007,岐阜県 高根,180,250,36.0378,137.4854
GIF008,岐阜県 小坂,176,253,35.9517,137.2604
GIF009,岐阜県 白鳥,166,253,35.925,136.8318
GIF010,岐阜県 下呂,174,257,35.8005,137.2484
GIF011,岐阜県 八幡,170,257,35.7596,136.9809
GIF012,岐阜県 東杉原,160,260,35.6364,136.4879
GIF013,岐阜県 金山,173,261,35.663,137.1618
GIF014,岐阜県 付知,179,260,35.6582,137.4253
GIF015,岐阜県 美濃,169,262,35.5456,136.9076
GIF016,岐阜県 七宗,173,263,35.5427,137.1195
GIF017,岐阜県 揖斐川,160,264,35.483,136.5713
GIF018,岐阜県 中津川,182,264,35.4955,137.4998
GIF019,岐阜県 恵那,178,265,35.4492,137.4042
GIF020,岐阜県 岐阜,166,265,35.4248,136.7568
GIF021,岐阜県 美濃加茂,0,0,35.4426,136.9996
GIF022,岐阜県 上石津,0,0,35.2836,136.473
GIF023,岐阜県 土岐,175,266,35.3879,137.2166
GIF024,岐阜県 明智,178,268,35.3015,137.3869
GIF025,岐阜県 板取,0,0,35.7234,136.7847
GIF026,岐阜県 美山,166,261,35.5909,136.7418
GIFH03,岐阜県 根尾,163,260,35.6325,136.6134
GIFH04,岐阜県 古川,174,245,36.2448,137.1983
GIFH05,岐阜県 荘川,170,249,36.0654,136.9479
GIFH06,岐阜県 高富,166,263,35.5038,136.7939
GIFH07,岐阜県 春日,159,266,35.4179,136.4347
GIFH08,岐阜県 大和,170,255,35.8323,136.9621
GIFH09,岐阜県 羽島,163,269,35.2768,136.7002
GIFH10,岐阜県 神岡,178,242,36.3779,137.3716
GIFH11,岐阜県 八百津,175,264,35.4865,137.2464
GIFH12,岐阜県 坂内,158,261,35.6033,136.4134
GIFH13,岐阜県 白川,168,245,36.2743,136.8979
GIFH14,岐阜県 上宝,181,245,36.2493,137.5174
GIFH15,岐阜県 高山,174,248,36.1338,137.2208
GIFH16,岐阜県 朝日北,178,248,36.094,137.3438
GIFH17,岐阜県 高鷲,168,252,35.9514,136.8732
GIFH18,岐阜県 馬瀬,173,254,35.8991,137.1495
GIFH19,岐阜県 朝日南,178,251,36.0216,137.3906
GIFH20,岐阜県 下呂北,177,257,35.7991,137.2531
GIFH21,岐阜県 美並,170,259,35.6665,136.9618
GIFH22,岐阜県 金山,172,259,35.6682,137.1054
GIFH23,岐阜県 板取,166,258,35.7235,136.7847
GIFH24,岐阜県 東白川,176,260,35.6401,137.3187
GIFH25,岐阜県 谷汲,163,263,35.5214,136.6127
GIFH26,岐阜県 各務原,168,266,35.4121,136.8764
GIFH27,岐阜県 美濃加茂,170,265,35.4527,137.004
GIFH28,岐阜県 中津川,181,266,35.4571,137.4706
GIFH29,岐阜県 上石津,160,269,35.2953,136.4732
GNM001,群馬県 片品,216,232,36.7719,139.2246
GNM002,群馬県 水上,211,232,36.7821,138.9695
GNM003,群馬県 沼田,213,235,36.6581,139.0786
GNM004,群馬県 草津,203,236,36.6171,138.5921
GNM005,群馬県 嬬恋,0,0,36.5134,138.5176
GNM006,群馬県 吾妻,206,239,36.5105,138.7527
GNM007,群馬県 渋川,211,240,36.4637,139.0093
GNM008,群馬県 前橋,214,242,36.3479,139.1368
GNM009,群馬県 桐生,218,241,36.4105,139.3253
GNM010,群馬県 館林,221,247,36.2184,139.4808
GNM011,群馬県 太田,219,244,36.2913,139.3607
GNM012,群馬県 伊勢崎,0,0,36.3118,139.1955
GNM013,群馬県 高崎,212,244,36.3181,139.0174
GNM014,群馬県 坂本,205,243,36.3467,138.7211
GNM015,群馬県 下仁田,206,247,36.2286,138.7578
GNM016,群馬県 万場,0,0,36.1164,138.925
GNMH05,群馬県 伊勢崎,216,244,36.3143,139.1847
GNMH06,群馬県 館林,222,245,36.2441,139.5443
GNMH07,群馬県 利根,215,234,36.6998,139.2104
GNMH08,群馬県 嬬恋,201,239,36.4917,138.5244
GNMH09,群馬県 高山,209,236,36.6212,138.9068
GNMH10,群馬県 下仁田,207,244,36.2356,138.7291
GNMH11,群馬県 富岡,209,244,36.2862,138.921
GNMH12,群馬県 神流,208,247,36.144,138.9129
GNMH13,群馬県 水上2,212,230,36.862,139.0627
GNMH14,群馬県 みどり,218,239,36.4931,139.3219
HDKH01,北海道 平取西,276,88,42.7031,142.2296
HDKH02,北海道 平取東,280,87,42.7061,142.4054
HDKH03,北海道 門別東,279,89,42.5934,142.3521
HDKH04,北海道 門別西,273,90,42.5126,142.0381
HDKH05,北海道 新冠,283,89,42.5977,142.5446
HDKH06,北海道 静内,278,95,42.3498,142.3572
HDKH07,北海道 様似,291,101,42.133,142.9164
HKD001,北海道 稚内,266,20,45.4163,141.672
HKD002,北海道 宗谷岬,272,18,45.5132,141.9548
HKD003,北海道 豊富,266,28,45.1033,141.7665
HKD004,北海道 上猿払,0,0,45.2149,142.226
HKD005,北海道 猿払,277,22,45.3329,142.1747
HKD006,北海道 浜頓別,279,27,45.1267,142.3516
HKD007,北海道 中頓別,279,30,44.9702,142.29
HKD008,北海道 枝幸,284,32,44.9375,142.5744
HKD009,北海道 歌登,0,0,44.8417,142.4811
HKD010,北海道 風烈布,288,37,44.7406,142.7633
HKD011,北海道 東利尻,256,24,45.246,141.217
HKD012,北海道 船泊,253,20,45.4408,141.0367
HKD013,北海道 礼文,253,23,45.3049,141.0475
HKD014,北海道 沼川,268,23,45.2525,141.8531
HKD015,北海道 天塩,267,33,44.8846,141.7503
HKD016,北海道 遠別,268,36,44.7199,141.795
HKD017,北海道 初山別,267,42,44.5323,141.7664
HKD018,北海道 正修,0,0,44.5453,141.9653
HKD019,北海道 羽幌,266,46,44.3611,141.6978
HKD020,北海道 港町,265,51,44.1487,141.6647
HKD021,北海道 留萌,265,56,43.9407,141.637
HKD022,北海道 増毛,263,59,43.8516,141.5279
HKD023,北海道 雄冬,260,61,43.7734,141.3686
HKD024,北海道 達布,270,55,44.0494,141.8573
HKD025,北海道 中川,274,35,44.8116,142.0712
HKD026,北海道 音威子府,278,38,44.7283,142.2633
HKD027,北海道 美深,280,42,44.4806,142.3428
HKD028,北海道 名寄,281,46,44.3598,142.4547
HKD029,北海道 下川,285,46,44.3114,142.6421
HKD030,北海道 士別,280,51,44.1821,142.3942
HKD031,北海道 朝日,284,52,44.1185,142.5952
HKD032,北海道 和寒,281,54,44.0235,142.4123
HKD033,北海道 愛別,284,57,43.909,142.5699
HKD034,北海道 上川,0,0,43.8543,142.7686
HKD035,北海道 層雲峡,291,61,43.7704,142.9033
HKD036,北海道 旭川,280,61,43.7726,142.3648
HKD037,北海道 美瑛,282,65,43.5889,142.4673
HKD038,北海道 南富良野,284,75,43.1666,142.5662
HKD039,北海道 富良野,280,72,43.3421,142.3845
HKD040,北海道 占冠,280,80,42.9806,142.3994
HKD041,北海道 天人峡,286,64,43.6246,142.6839
HKD042,北海道 仁宇布,284,43,44.5449,142.5692
HKD043,北海道 雄武,292,41,44.582,142.9644
HKD044,北海道 興部,295,43,44.4796,143.1276
HKD045,北海道 西興部,291,47,44.3288,142.9453
HKD046,北海道 滝上,0,0,44.192,143.0767
HKD047,北海道 紋別,300,46,44.3677,143.3454
HKD048,北海道 湧別,0,0,44.2199,143.6155
HKD049,北海道 遠軽,303,53,44.0921,143.5336
HKD050,北海道 白滝,296,58,43.8785,143.1747
HKD051,北海道 佐呂間,308,55,44.0187,143.7747
HKD052,北海道 常呂,314,52,44.1204,144.0712
HKD053,北海道 留辺蘂,305,60,43.7849,143.6072
HKD054,北海道 北見,311,60,43.7996,143.9008
HKD055,北海道 美幌,315,59,43.8244,144.1087
HKD056,北海道 置戸,305,63,43.6705,143.5781
HKD057,北海道 津別,313,62,43.7054,144.0273
HKD058,北海道 網走,318,54,44.0242,144.2637
HKD059,北海道 小清水,322,60,43.8574,144.4609
HKD060,北海道 斜里,326,57,43.9136,144.6657
HKD061,北海道 ウトロ,0,0,44.0699,144.9973
HKD062,北海道 富士見,299,63,43.6746,143.3088
HKD063,北海道 相泊,0,0,44.106,145.2478
HKD064,北海道 羅臼,336,55,44.0202,145.1886
HKD065,北海道 薫別,0,0,43.7938,145.0565
HKD066,北海道 標津,336,63,43.6619,145.1307
HKD067,北海道 中標津,0,0,43.555,144.9726
HKD068,北海道 上西春別,0,0,43.4108,144.7704
HKD069,北海道 別海,0,0,43.3941,145.1168
HKD070,北海道 本別海,339,70,43.3852,145.284
HKD071,北海道 厚床,339,74,43.2326,145.2604
HKD072,北海道 落石,344,75,43.1948,145.5209
HKD073,北海道 根室,345,71,43.3327,145.6003
HKD074,北海道 納沙布,350,71,43.368,145.8026
HKD075,北海道 浜中,334,76,43.1309,145.0288
HKD076,北海道 厚岸,330,78,43.0509,144.8498
HKD077,北海道 釧路,321,80,42.9845,144.3824
HKD078,北海道 塘路,323,76,43.1488,144.4976
HKD079,北海道 標茶,325,72,43.3034,144.5998
HKD080,北海道 弟子屈,322,67,43.5077,144.4485
HKD081,北海道 川湯,321,64,43.6427,144.3901
HKD082,北海道 阿寒湖畔,0,0,43.4369,144.0855
HKD083,北海道 鶴居,320,74,43.2329,144.3251
HKD084,北海道 阿寒,0,0,43.1141,144.123
HKD085,北海道 白糠,315,81,42.9581,144.0698
HKD086,北海道 直別,310,83,42.8542,143.8579
HKD087,北海道 二股,0,0,43.1502,143.8916
HKD088,北海道 陸別,308,68,43.4704,143.7488
HKD089,北海道 足寄,304,74,43.2436,143.5544
HKD090,北海道 本別,0,0,43.1213,143.6183
HKD091,北海道 浦幌,306,84,42.8088,143.659
HKD092,北海道 池田,302,81,42.9283,143.4485
HKD093,北海道 糠平,299,72,43.3191,143.3049
HKD094,北海道 士幌,297,75,43.1692,143.241
HKD095,北海道 帯広,297,81,42.9311,143.2137
HKD096,北海道 中札内,295,87,42.6977,143.1357
HKD097,北海道 生花,0,0,42.6181,143.421
HKD098,北海道 大樹,299,92,42.4985,143.279
HKD099,北海道 新得,289,78,43.0736,142.8392
HKD100,北海道 広尾,299,97,42.2864,143.312
HKD101,北海道 トムラウシ,0,0,43.3338,142.9473
HKD102,北海道 日高,281,83,42.8778,142.4481
HKD103,北海道 幌毛志,279,85,42.7275,142.2973
HKD104,北海道 平取,275,90,42.5886,142.131
HKD105,北海道 門別,273,93,42.4826,142.0538
HKD106,北海道 静内,280,97,42.3414,142.3688
HKD107,北海道 農屋,282,94,42.4194,142.4992
HKD108,北海道 三石,284,98,42.2528,142.5643
HKD109,北海道 浦河,288,100,42.1678,142.7673
HKD110,北海道 様似,0,0,42.131,142.9354
HKD111,北海道 えりも,296,104,42.017,143.1487
HKD112,北海道 えりも岬,297,106,41.937,143.2403
HKD113,北海道 目黒,299,101,42.1287,143.3153
HKD114,北海道 朱鞠内,277,48,44.2829,142.1619
HKD115,北海道 幌加内,0,0,44.007,142.1485
HKD116,北海道 沼田,271,61,43.8005,141.9343
HKD117,北海道 深川,272,62,43.7241,142.0527
HKD118,北海道 滝川,271,65,43.5524,141.9175
HKD119,北海道 芦別,276,67,43.5199,142.1914
HKD120,北海道 月形,265,71,43.3442,141.6633
HKD121,北海道 美唄,269,71,43.3332,141.8553
HKD122,北海道 岩見沢,268,75,43.1974,141.7754
HKD123,北海道 夕張,0,0,42.9933,142.0085
HKD124,北海道 由仁,268,80,42.9986,141.7903
HKD125,北海道 穂別,275,85,42.7609,142.1344
HKD126,北海道 鵡川,0,0,42.5748,141.9284
HKD127,北海道 追分,270,83,42.8743,141.8204
HKD128,北海道 早来,269,85,42.7656,141.8219
HKD129,北海道 苫小牧,264,89,42.6347,141.6057
HKD130,北海道 白老,0,0,42.5626,141.3502
HKD131,北海道 登別,255,94,42.4206,141.0809
HKD132,北海道 室蘭,253,96,42.3484,141.0318
HKD133,北海道 伊達,249,93,42.4727,140.8657
HKD134,北海道 大滝,0,0,42.6713,141.079
HKD135,北海道 壮瞥,251,91,42.5533,140.8864
HKD136,北海道 豊浦,245,90,42.5901,140.6441
HKD137,北海道 余別,239,72,43.3236,140.3791
HKD138,北海道 積丹,244,72,43.2923,140.6013
HKD139,北海道 余市,247,75,43.1975,140.7819
HKD140,北海道 小樽,252,75,43.1908,140.9933
HKD141,北海道 神恵内,240,76,43.1449,140.4355
HKD142,北海道 赤井川,0,0,43.0841,140.8202
HKD143,北海道 岩内,242,80,42.9793,140.5093
HKD144,北海道 倶知安,246,82,42.9059,140.767
HKD145,北海道 喜茂別,0,0,42.7978,140.9361
HKD146,北海道 ニセコ,246,84,42.8076,140.6878
HKD147,北海道 蘭越,243,84,42.8056,140.5305
HKD148,北海道 黒松内,238,88,42.668,140.305
HKD149,北海道 寿都,238,85,42.7905,140.2305
HKD150,北海道 島牧,233,87,42.701,140.0619
HKD151,北海道 長万部,239,92,42.4948,140.3539
HKD152,北海道 八雲,237,98,42.2586,140.2638
HKD153,北海道 上の湯,239,101,42.1245,140.3755
HKD154,北海道 森,243,102,42.0965,140.5636
HKD155,北海道 鹿部,248,103,42.0438,140.8064
HKD156,北海道 七飯,246,107,41.8996,140.696
HKD157,北海道 南茅部,251,106,41.9053,140.9698
HKD158,北海道 椴法華,255,108,41.8349,141.1408
HKD159,北海道 戸井,252,111,41.716,141.0046
HKD160,北海道 函館,247,110,41.77,140.7383
HKD161,北海道 木古内,240,112,41.68,140.4329
HKD162,北海道 福島,237,117,41.4859,140.2469
HKD163,北海道 松前,234,118,41.4338,140.1117
HKD164,北海道 瀬棚,229,93,42.4502,139.8533
HKD165,北海道 今金,232,94,42.4287,140.0178
HKD166,北海道 大成,228,98,42.2286,139.8186
HKD167,北海道 熊石,230,101,42.1297,139.9813
HKD168,北海道 江差,234,107,41.8691,140.1266
HKD169,北海道 木間内,239,106,41.9351,140.3678
HKD170,北海道 湯ノ岱,237,110,41.7495,140.251
HKD171,北海道 小砂子,231,113,41.649,139.9979
HKD172,北海道 稲穂,222,98,42.2402,139.5519
HKD173,北海道 青苗,220,102,42.0662,139.4515
HKD174,北海道 北島歌,228,89,42.595,139.8286
HKD175,北海道 浜益,260,65,43.6015,141.3882
HKD176,北海道 四番川,264,66,43.5324,141.5924
HKD177,北海道 厚田,261,70,43.4001,141.4346
HKD178,北海道 石狩,258,74,43.172,141.3043
HKD179,北海道 当別,262,74,43.2236,141.5175
HKD180,北海道 札幌,260,77,43.1391,141.3513
HKD181,北海道 江別,263,77,43.1161,141.5462
HKD182,北海道 広島,262,80,42.9721,141.5161
HKD183,北海道 定山渓,255,80,42.9714,141.1779
HKD184,北海道 千歳,264,85,42.7898,141.6008
HKD185,北海道 支笏湖畔,260,85,42.7756,141.4016
HRS001,広島県 高野,87,275,35.0339,132.9018
HRS002,広島県 東城,95,278,34.8951,133.2753
HRS003,広島県 三次,86,280,34.8138,132.8427
HRS004,広島県 芸北,74,283,34.7263,132.2773
HRS005,広島県 油木,95,281,34.7774,133.2803
HRS006,広島県 豊平,77,284,34.6666,132.408
HRS007,広島県 甲奴,91,283,34.7029,133.0886
HRS008,広島県 向原,83,286,34.6029,132.7201
HRS009,広島県 湯来,74,288,34.4927,132.2802
HRS010,広島県 世羅,90,286,34.5834,133.0515
HRS011,広島県 府中,94,286,34.5686,133.2364
HRS012,広島県 東広島,83,290,34.4274,132.7422
HRS013,広島県 広島,78,292,34.3768,132.4502
HRS014,広島県 大野,74,293,34.2864,132.2765
HRS015,広島県 福山,96,289,34.4852,133.3619
HRS016,広島県 尾道,94,289,34.4201,133.1979
HRS017,広島県 三原,0,0,34.4037,133.0838
HRS018,広島県 竹原,87,292,34.3413,132.9069
HRS019,広島県 呉,80,294,34.253,132.5617
HRS020,広島県 因島,93,294,34.2936,133.1776
HRS021,広島県 西城,91,277,34.9413,133.1185
HRSH01,広島県 三原,90,291,34.3736,133.0236
HRSH02,広島県 大和,88,287,34.5482,132.948
HRSH03,広島県 御調,92,288,34.5183,133.1375
HRSH04,広島県 沼隈,96,291,34.3785,133.3493
HRSH05,広島県 神辺,97,286,34.5566,133.4179
HRSH06,広島県 口和,87,278,34.9137,132.9123
HRSH07,広島県 呉,82,293,34.2883,132.6411
HRSH08,広島県 佐伯,72,291,34.3935,132.1611
HRSH09,広島県 吉舎,88,283,34.7016,132.9524
HRSH10,広島県 芸北,76,282,34.7471,132.3794
HRSH11,広島県 神石,92,280,34.8225,133.1674
HRSH12,広島県 広島,77,286,34.581,132.4295
HRSH13,広島県 広島南,76,290,34.4122,132.3907
HRSH14,広島県 沖美,77,295,34.209,132.4063
HRSH15,広島県 倉橋,79,297,34.1161,132.5053
HRSH16,広島県 吉田,82,284,34.6629,132.6689
HRSH17,広島県 戸河内,73,286,34.5716,132.2326
HRSH18,広島県 東広島,85,289,34.4572,132.7923
HYG001,兵庫県 浜坂,119,261,35.6197,134.4506
HYG002,兵庫県 香住,121,259,35.6394,134.628
HYG003,兵庫県 出石,0,0,35.4613,134.8758
HYG004,兵庫県 村岡,121,266,35.4583,134.5782
HYG005,兵庫県 和田山,126,268,35.3408,134.8616
HYG006,兵庫県 大屋,123,268,35.3329,134.6649
HYG007,兵庫県 波賀,121,272,35.1638,134.5458
HYG008,兵庫県 生野,125,272,35.1487,134.788
HYG009,兵庫県 黒井,132,272,35.1699,135.1025
HYG010,兵庫県 丹南,133,274,35.0592,135.1776
HYG011,兵庫県 上月,116,276,34.985,134.3226
HYG012,兵庫県 山崎,121,275,34.9958,134.5523
HYG013,兵庫県 市川,125,276,34.9895,134.7636
HYG014,兵庫県 西脇,130,276,35.0019,134.9994
HYG015,兵庫県 三田,135,277,34.9499,135.2714
HYG016,兵庫県 赤穂,117,283,34.7553,134.39
HYG017,兵庫県 龍野,121,279,34.8591,134.5446
HYG018,兵庫県 姫路,123,280,34.8145,134.6871
HYG019,兵庫県 加古川,0,0,34.8321,134.8234
HYG020,兵庫県 三木,130,281,34.7974,134.9889
HYG021,兵庫県 神戸,133,283,34.6904,135.1591
HYG022,兵庫県 西宮,136,282,34.7463,135.3501
HYG023,兵庫県 明石,127,283,34.7012,134.8803
HYG024,兵庫県 東浦,130,287,34.533,134.9904
HYG025,兵庫県 洲本,128,292,34.3389,134.9011
HYG026,兵庫県 五色,126,290,34.4147,134.7914
HYG027,兵庫県 南淡,124,294,34.2496,134.7292
HYGH01,兵庫県 三原,126,293,34.2937,134.7941
HYGH02,兵庫県 南光,118,274,35.0671,134.4234
HYGH03,兵庫県 波賀,120,270,35.2193,134.5237
HYGH04,兵庫県 篠山,135,274,35.0708,135.2811
HYGH05,兵庫県 上郡,116,278,34.8995,134.3284
HYGH06,兵庫県 相生,119,281,34.7935,134.4792
HYGH07,兵庫県 夢前,123,275,35.0322,134.6701
HYGH08,兵庫県 加美,128,273,35.101,134.9036
HYGH09,兵庫県 東条,131,278,34.9082,135.0844
HYGH10,兵庫県 加古川,126,280,34.8164,134.8078
HYGH11,兵庫県 山東,128,269,35.2925,134.9071
HYGH12,兵庫県 新宮,119,277,34.9313,134.5423
HYGH13,兵庫県 香住,123,261,35.6208,134.6566
HYGH14,兵庫県 出石,127,265,35.4574,134.8621
HYGH15,兵庫県 村岡,121,263,35.4697,134.5953
HYMH01,北海道 北檜山,231,92,42.4851,139.9678
HYMH02,北海道 厚沢部,238,104,41.9856,140.3087
HYMH03,北海道 熊石,233,101,42.1344,140.004
IBR001,茨城県 大子,239,233,36.7763,140.3582
IBR002,茨城県 高萩,246,234,36.7126,140.7073
IBR003,茨城県 日立,245,237,36.5914,140.6453
IBR004,茨城県 大宮,241,238,36.5516,140.4102
IBR005,茨城県 笠間,236,242,36.3851,140.2373
IBR006,茨城県 水戸,241,242,36.3665,140.4543
IBR007,茨城県 那珂湊,244,244,36.3526,140.5954
IBR008,茨城県 下館,231,244,36.3061,139.9826
IBR009,茨城県 古河,225,247,36.185,139.7037
IBR010,茨城県 下妻,231,247,36.1844,139.9652
IBR011,茨城県 つくば,233,248,36.1256,140.0901
IBR012,茨城県 石岡,237,247,36.1954,140.2713
IBR013,茨城県 鉾田,241,247,36.1587,140.4892
IBR014,茨城県 土浦,235,250,36.0729,140.1948
IBR015,茨城県 岩井,229,250,36.0698,139.9082
IBR016,茨城県 取手,233,254,35.9114,140.0494
IBR017,茨城県 江戸崎,0,0,35.9538,140.3196
IBR018,茨城県 鹿嶋,244,252,35.9766,140.6306
IBR019,茨城県 北茨城,0,0,36.8808,140.6544
IBRH06,茨城県 北茨城2,245,230,36.8809,140.6545
IBRH07,茨城県 江戸崎,238,252,35.9521,140.3301
IBRH08,茨城県 大洋,243,248,36.1188,140.5621
IBRH09,茨城県 常北,239,240,36.439,140.3559
IBRH10,茨城県 石下,231,249,36.1112,139.9889
IBRH11,茨城県 岩瀬,234,242,36.3701,140.1401
IBRH12,茨城県 大子,238,230,36.8369,140.3181
IBRH13,茨城県 高萩,243,232,36.7955,140.575
IBRH14,茨城県 十王,243,234,36.6922,140.5484
IBRH15,茨城県 御前山,238,238,36.5566,140.3013
IBRH16,茨城県 山方,240,236,36.6405,140.3976
IBRH17,茨城県 霞ヶ浦,238,249,36.0864,140.314
IBRH18,茨城県 ひたちなか,244,241,36.3631,140.6198
IBRH19,茨城県 つくば,233,246,36.2137,140.0893
IBRH20,茨城県 波崎2,246,255,35.8284,140.7323
IBRH21,茨城県 つくば南,234,252,35.9814,140.105
IBUH01,北海道 追分,267,83,42.8739,141.8191
IBUH02,北海道 穂別,275,83,42.8714,142.1285
IBUH03,北海道 厚真,269,88,42.6486,141.8641
IBUH04,北海道 豊浦,245,88,42.6415,140.665
IBUH05,北海道 白老,259,90,42.5629,141.3497
IBUH06,北海道 室蘭,252,94,42.4116,141.0017
IBUH07,北海道 大滝,253,88,42.6476,141.0643
IKRH01,北海道 当別,264,69,43.4087,141.5836
IKRH02,北海道 新篠津,265,74,43.2204,141.6523
IKRH03,北海道 千歳,265,82,42.888,141.6399
ISK001,石川県 大谷,174,215,37.5,137.1767
ISK002,石川県 正院,176,216,37.4473,137.2877
ISK003,石川県 輪島,169,217,37.3924,136.9078
ISK004,石川県 能都,173,219,37.308,137.1471
ISK005,石川県 穴水,168,221,37.2309,136.9041
ISK006,石川県 富来,0,0,37.1603,136.6896
ISK007,石川県 七尾,170,226,37.0426,136.968
ISK008,石川県 羽咋,166,229,36.8938,136.7783
ISK009,石川県 七塚,164,233,36.7334,136.7025
ISK010,石川県 金沢,163,237,36.5421,136.6435
ISK011,石川県 小松,159,242,36.3976,136.4409
ISK012,石川県 鳥越,162,243,36.3579,136.6049
ISK013,石川県 白峰,163,247,36.1804,136.6246
ISK014,石川県 加賀,157,244,36.3031,136.3154
ISK015,石川県 大町,0,0,37.2265,136.9087
ISKH01,石川県 珠洲,176,214,37.5266,137.2844
ISKH02,石川県 柳田,171,218,37.3644,137.0413
ISKH03,石川県 内浦,175,218,37.3458,137.2436
ISKH04,石川県 富来,165,222,37.1902,136.7176
ISKH05,石川県 穴水,171,221,37.2224,136.9689
ISKH06,石川県 志賀,167,225,37.0533,136.8206
ISKH07,石川県 金沢,163,239,36.515,136.6357
ISKH08,石川県 津幡,166,233,36.738,136.7906
ISKH09,石川県 尾口,165,245,36.2667,136.7168
IWT001,岩手県 種市,267,143,40.4101,141.7193
IWT002,岩手県 久慈,266,149,40.182,141.7643
IWT003,岩手県 普代,270,153,40.0083,141.8885
IWT004,岩手県 田老,273,160,39.7356,141.9671
IWT005,岩手県 宮古,271,162,39.6478,141.9465
IWT006,岩手県 山田,273,166,39.485,141.9748
IWT007,岩手県 釜石,0,0,39.2699,141.8567
IWT008,岩手県 大船渡,266,175,39.0815,141.7093
IWT009,岩手県 大東,260,177,39.019,141.4053
IWT010,岩手県 一関,254,179,38.9346,141.1264
IWT011,岩手県 水沢,255,174,39.1453,141.1527
IWT012,岩手県 北上,255,170,39.3206,141.1388
IWT013,岩手県 遠野,263,170,39.329,141.5638
IWT014,岩手県 石鳥谷,255,166,39.4846,141.1466
IWT015,岩手県 川尻,248,170,39.3183,140.7794
IWT016,岩手県 川井,266,163,39.6,141.679
IWT017,岩手県 門馬,260,163,39.6339,141.4379
IWT018,岩手県 盛岡,255,161,39.6954,141.1477
IWT019,岩手県 岩泉,0,0,39.803,141.6584
IWT020,岩手県 藪川,259,159,39.7844,141.3296
IWT021,岩手県 西根,254,155,39.9203,141.0822
IWT022,岩手県 安代,253,151,40.1009,141.0528
IWT023,岩手県 葛巻,261,152,40.037,141.4501
IWT024,岩手県 二戸,257,147,40.2612,141.2908
IWT025,岩手県 大志田,248,165,39.5169,140.8299
IWT026,岩手県 相去,254,172,39.2569,141.0983
IWTH01,岩手県 二戸東,259,147,40.2383,141.3423
IWTH02,岩手県 玉山,260,156,39.825,141.3826
IWTH03,岩手県 岩泉,265,158,39.802,141.652
IWTH04,岩手県 住田,260,173,39.1809,141.3909
IWTH05,岩手県 藤沢,259,181,38.8654,141.3512
IWTH06,岩手県 二戸西,255,147,40.2611,141.1709
IWTH07,岩手県 軽米,263,146,40.2705,141.5709
IWTH08,岩手県 久慈北,268,147,40.2686,141.7831
IWTH09,岩手県 久慈南,266,151,40.0861,141.712
IWTH10,岩手県 安代,251,150,40.1391,140.9529
IWTH11,岩手県 一戸,256,151,40.0811,141.1915
IWTH12,岩手県 九戸,260,149,40.1533,141.4245
IWTH13,岩手県 葛巻,263,155,39.9398,141.5492
IWTH14,岩手県 田老,270,159,39.7435,141.9087
IWTH15,岩手県 矢巾,254,163,39.6148,141.0929
IWTH16,岩手県 雫石,251,162,39.6436,140.9465
IWTH17,岩手県 川井北,264,162,39.6442,141.5977
IWTH18,岩手県 川井南,266,166,39.463,141.6775
IWTH19,岩手県 花巻北,252,166,39.4559,141.0001
IWTH20,岩手県 花巻南,253,169,39.3434,141.0473
IWTH21,岩手県 山田,270,166,39.4734,141.9336
IWTH22,岩手県 東和,258,169,39.334,141.3015
IWTH23,岩手県 釜石,269,171,39.2741,141.8233
IWTH24,岩手県 金ヶ崎,252,173,39.1979,141.0118
IWTH25,岩手県 一関西,249,177,39.0092,140.8638
IWTH26,岩手県 一関東,252,178,38.969,141.0013
IWTH27,岩手県 陸前高田,263,177,39.0307,141.532
IWTH28,岩手県 一関西2,249,177,39.0094,140.864
KGS001,鹿児島県 東,32,345,32.1947,130.1763
KGS002,鹿児島県 出水,35,347,32.0916,130.3519
KGS003,鹿児島県 大口,40,348,32.0559,130.5874
KGS004,鹿児島県 阿久根,32,348,32.0145,130.1927
KGS005,鹿児島県 宮之城,0,0,31.9006,130.4513
KGS006,鹿児島県 横川,42,352,31.906,130.7021
KGS007,鹿児島県 川内,0,0,31.8143,130.3032
KGS008,鹿児島県 蒲生,40,354,31.7638,130.5659
KGS009,鹿児島県 国分,44,356,31.7368,130.7613
KGS010,鹿児島県 串木野,34,357,31.7123,130.2735
KGS011,鹿児島県 日吉,35,360,31.5896,130.349
KGS012,鹿児島県 鹿児島,40,359,31.6057,130.574
KGS013,鹿児島県 大隅,48,358,31.5973,130.9938
KGS014,鹿児島県 垂水,42,362,31.4963,130.6994
KGS015,鹿児島県 大崎,49,363,31.4308,131.0109
KGS016,鹿児島県 加世田,35,364,31.4162,130.3225
KGS017,鹿児島県 鹿屋,47,365,31.3954,130.8702
KGS018,鹿児島県 喜入,39,365,31.3757,130.5449
KGS019,鹿児島県 枕崎,34,367,31.2776,130.3008
KGS020,鹿児島県 頴娃,38,368,31.2396,130.4915
KGS021,鹿児島県 指宿,41,367,31.2535,130.6324
KGS022,鹿児島県 内之浦,48,367,31.2804,131.0504
KGS023,鹿児島県 田代,45,369,31.199,130.849
KGS024,鹿児島県 佐多,0,0,31.0888,130.6982
KGS025,鹿児島県 西之表,48,381,30.7319,130.9977
KGS026,鹿児島県 中種子,47,386,30.5199,130.9553
KGS027,鹿児島県 門倉崎,46,390,30.3488,130.8829
KGS028,鹿児島県 上屋久,40,388,30.4204,130.5771
KGS029,鹿児島県 屋久,39,393,30.2363,130.5553
KGS030,鹿児島県 笠利,146,88,28.451,129.6784
KGS031,鹿児島県 大和,140,90,28.3553,129.3924
KGS032,鹿児島県 瀬戸内,138,96,28.1388,129.3206
KGS033,鹿児島県 伊仙,130,108,27.6883,128.9421
KGS034,鹿児島県 知名,123,116,27.334,128.5743
KGS035,鹿児島県 与論,120,122,27.0522,128.4241
KGS036,鹿児島県 上甑,25,354,31.836,129.8678
KGS037,鹿児島県 下甑,22,358,31.639,129.7078
KGSH01,鹿児島県 長島,30,347,32.1554,130.1191
KGSH02,鹿児島県 阿久根,32,351,31.994,130.2077
KGSH03,鹿児島県 宮之城,37,350,31.9812,130.4438
KGSH04,鹿児島県 川内,35,353,31.8374,130.3602
KGSH05,鹿児島県 祁答院,38,353,31.8699,130.4958
KGSH06,鹿児島県 郡山,37,357,31.6988,130.4594
KGSH07,鹿児島県 姶良,40,357,31.714,130.6149
KGSH08,鹿児島県 大隅,48,361,31.5618,130.9969
KGSH09,鹿児島県 知覧,37,365,31.3741,130.4333
KGSH10,鹿児島県 山川,41,370,31.2066,130.6183
KGSH11,鹿児島県 佐多,42,372,31.0899,130.699
KGSH12,鹿児島県 内之浦,51,369,31.2583,131.0877
KGSH13,鹿児島県 鹿屋,44,364,31.4005,130.8541
KGW001,香川県 土庄,115,287,34.5452,134.2804
KGW002,香川県 内海,0,0,34.4724,134.3142
KGW003,香川県 丸亀,105,294,34.2644,133.7896
KGW004,香川県 高松,110,292,34.3473,134.0375
KGW005,香川県 観音寺,102,298,34.1139,133.6353
KGW006,香川県 長尾,114,294,34.2499,134.1856
KGW007,香川県 引田,118,295,34.213,134.4133
KGW008,香川県 琴南,108,297,34.1645,133.9241
KGWH01,香川県 綾上,108,294,34.2186,133.9493
KGWH02,香川県 三野,103,295,34.198,133.7081
KGWH03,香川県 三木,111,294,34.27,134.1482
KGWH04,香川県 大内,116,295,34.2264,134.3043
KGWH05,香川県 内海,116,289,34.4572,134.3241
KKWH01,北海道 美深北,278,40,44.5973,142.3036
KKWH02,北海道 美深東,284,40,44.5509,142.5736
KKWH03,北海道 美深西,277,43,44.4732,142.2725
KKWH04,北海道 名寄,281,44,44.4376,142.4056
KKWH05,北海道 下川西,285,49,44.2921,142.6303
KKWH06,北海道 下川東,288,47,44.3207,142.7656
KKWH07,北海道 富良野,278,70,43.3697,142.3409
KKWH08,北海道 占冠,285,78,43.0406,142.6562
KKWH09,北海道 音威子府,277,36,44.7745,142.2542
KKWH10,北海道 中川,273,39,44.6617,142.0528
KKWH11,北海道 和寒,278,56,43.9754,142.2834
KKWH12,北海道 美瑛東,284,67,43.5038,142.6006
KKWH13,北海道 美瑛西,280,67,43.5113,142.3906
KKWH14,北海道 中富良野,283,70,43.3841,142.5245
KKWH15,北海道 上川,288,59,43.8546,142.7656
KMM001,熊本県 小国,0,0,33.1211,131.0689
KMM002,熊本県 山鹿,42,324,33.0189,130.6846
KMM003,熊本県 玉名,39,327,32.9335,130.5477
KMM004,熊本県 一の宮,51,327,32.9318,131.1203
KMM005,熊本県 大津,46,328,32.8761,130.8771
KMM006,熊本県 熊本,43,330,32.7934,130.7772
KMM007,熊本県 高森,52,329,32.8268,131.1224
KMM008,熊本県 宇土,41,333,32.6875,130.6598
KMM009,熊本県 矢部,47,332,32.6864,130.9886
KMM010,熊本県 三角,37,334,32.6134,130.4873
KMM011,熊本県 砥用,46,334,32.6166,130.8635
KMM012,熊本県 八代,40,337,32.5099,130.5908
KMM013,熊本県 田浦,38,341,32.3644,130.5089
KMM014,熊本県 五木,45,340,32.3961,130.8273
KMM015,熊本県 水俣,36,343,32.2161,130.4059
KMM016,熊本県 人吉,44,346,32.1965,130.7757
KMM017,熊本県 多良木,47,342,32.2567,130.9245
KMM018,熊本県 龍ヶ岳,36,340,32.3941,130.3898
KMM019,熊本県 本渡,32,338,32.4548,130.1807
KMM020,熊本県 新和,32,340,32.3636,130.1807
KMM021,熊本県 天草,28,340,32.3793,129.9996
KMM022,熊本県 牛深,28,345,32.1945,130.027
KMMH01,熊本県 鹿北,42,322,33.1089,130.6949
KMMH02,熊本県 小国,50,322,33.122,131.0629
KMMH03,熊本県 菊池,45,325,32.9984,130.8301
KMMH04,熊本県 阿蘇,0,0,32.9514,131.0199
KMMH05,熊本県 波野,53,326,32.9553,131.2207
KMMH06,熊本県 白水,50,330,32.8114,131.101
KMMH07,熊本県 三角,39,334,32.6234,130.5584
KMMH08,熊本県 矢部,50,333,32.6501,131.0251
KMMH09,熊本県 泉,46,337,32.4901,130.9046
KMMH10,熊本県 新和,32,342,32.3151,130.1811
KMMH11,熊本県 芦北,40,342,32.2918,130.5777
KMMH12,熊本県 人吉,43,344,32.2054,130.7371
KMMH13,熊本県 上,46,344,32.2209,130.9096
KMMH14,熊本県 豊野,43,334,32.6345,130.7521
KMMH15,熊本県 水俣,34,345,32.1704,130.3647
KMMH16,熊本県 益城,45,330,32.7967,130.8199
KMMH17,熊本県 玉名,39,325,32.9873,130.5608
KMMH18,熊本県 阿蘇2,48,325,33.0031,131.0071
KNG001,神奈川県 川崎,226,263,35.5291,139.7061
KNG002,神奈川県 横浜,224,265,35.4372,139.6334
KNG003,神奈川県 横須賀,226,269,35.2731,139.6582
KNG004,神奈川県 三崎,224,272,35.1442,139.6223
KNG005,神奈川県 鎌倉,222,268,35.3191,139.5461
KNG006,神奈川県 二俣川,221,266,35.4541,139.5391
KNG007,神奈川県 藤沢,220,268,35.3382,139.4926
KNG008,神奈川県 相模原,218,262,35.5749,139.3262
KNG009,神奈川県 厚木,219,264,35.4425,139.3621
KNG010,神奈川県 平塚,218,268,35.3339,139.3446
KNG011,神奈川県 藤野,214,262,35.6151,139.1554
KNG012,神奈川県 秦野,216,267,35.3793,139.2044
KNG013,神奈川県 小田原,214,269,35.2642,139.1521
KNG014,神奈川県 山北,0,0,35.3609,139.0828
KNG201,相模湾 平塚ST1,230,286,34.5956,139.9183
KNG202,相模湾 平塚ST2,228,282,34.7396,139.8393
KNG203,相模湾 平塚ST3,224,281,34.7983,139.6435
KNG204,相模湾 平塚ST4,223,279,34.8931,139.5711
KNG205,相模湾 平塚ST5,220,277,34.9413,139.4213
KNG206,相模湾 平塚ST6,219,274,35.0966,139.3778
KNGH10,神奈川県 横浜,222,264,35.4991,139.5195
KNGH11,神奈川県 厚木,218,266,35.404,139.3539
KNGH18,神奈川県 藤野,214,260,35.6437,139.1283
KNGH19,神奈川県 山北中,211,266,35.4173,139.0436
KNGH20,神奈川県 松田,215,267,35.3663,139.126
KNGH21,神奈川県 清川,215,264,35.4628,139.2146
KNGH22,神奈川県 山北南,213,267,35.3583,139.091
KNGH23,神奈川県 葉山,223,270,35.2624,139.611
KOC001,高知県 東洋,115,312,33.5277,134.2808
KOC002,高知県 室戸,0,0,33.2946,134.1666
KOC003,高知県 安芸,108,313,33.5014,133.9071
KOC004,高知県 物部,108,308,33.6975,133.8764
KOC005,高知県 土佐山田,103,310,33.5929,133.6923
KOC006,高知県 土佐,98,314,33.4943,133.4166
KOC007,高知県 高知,100,311,33.5612,133.5273
KOC008,高知県 本川,96,306,33.7758,133.3467
KOC009,高知県 吾川,93,311,33.5736,133.172
KOC010,高知県 須崎,0,0,33.3929,133.2852
KOC011,高知県 檮原,87,315,33.3982,132.8962
KOC012,高知県 大正,89,320,33.1976,132.9758
KOC013,高知県 佐賀,91,323,33.0797,133.1023
KOC014,高知県 中村,88,325,32.9897,132.9403
KOC015,高知県 宿毛,83,326,32.9393,132.7258
KOC016,高知県 土佐清水,90,332,32.7359,132.9754
KOC017,高知県 大豊,104,306,33.7844,133.7298
KOCH01,高知県 北川,112,312,33.5421,134.1197
KOCH02,高知県 吾北,96,308,33.7079,133.3641
KOCH03,高知県 大正,89,318,33.2683,132.9891
KOCH04,高知県 大月,83,329,32.8414,132.7066
KOCH05,高知県 池川,92,309,33.6472,133.1444
KOCH06,高知県 中村,88,323,33.0754,132.9524
KOCH07,高知県 須崎,95,315,33.392,133.2866
KOCH08,高知県 土佐清水,88,330,32.7797,132.9718
KOCH09,高知県 香北,105,308,33.6748,133.8243
KOCH10,高知県 伊野,98,311,33.5313,133.4388
KOCH11,高知県 室戸,113,318,33.2866,134.1603
KOCH12,高知県 芸西,106,312,33.5294,133.8192
KOCH13,高知県 本山,101,306,33.7543,133.576
KSRH01,北海道 阿寒北,315,69,43.4361,144.0844
KSRH02,北海道 阿寒南,315,77,43.1142,144.123
KSRH03,北海道 標茶北,326,70,43.3848,144.6279
KSRH04,北海道 標茶南,327,74,43.2139,144.6804
KSRH05,北海道 鶴居西,318,73,43.2556,144.2338
KSRH06,北海道 鶴居東,322,74,43.22,144.4285
KSRH07,北海道 鶴居南,320,76,43.1359,144.3274
KSRH08,北海道 白糠北,311,76,43.1603,143.8936
KSRH09,北海道 白糠南,312,80,42.9856,143.9841
KSRH10,北海道 浜中,336,74,43.2084,145.1168
KYT001,京都府 丹後,132,257,35.7404,135.1019
KYT002,京都府 久美浜,128,261,35.6038,134.8945
KYT003,京都府 伊根,137,259,35.6762,135.2927
KYT004,京都府 宮津,135,263,35.5356,135.1959
KYT005,京都府 舞鶴,137,264,35.4756,135.3893
KYT006,京都府 福知山,134,269,35.2766,135.182
KYT007,京都府 芦生,0,0,35.3063,135.712
KYT008,京都府 本庄,137,269,35.261,135.3967
KYT009,京都府 日吉,140,272,35.1639,135.5017
KYT010,京都府 大布施,0,0,35.2098,135.7738
KYT011,京都府 亀岡,142,275,35.0171,135.5637
KYT012,京都府 京都,147,275,34.9977,135.8177
KYT013,京都府 宇治,147,279,34.8784,135.8046
KYT014,京都府 南山城,150,281,34.7731,135.9921
KYT015,京都府 広河原,145,270,35.2496,135.7667
KYTH01,京都府 野田川,132,263,35.5243,135.1243
KYTH02,京都府 伊根,135,258,35.7101,135.2496
KYTH03,京都府 福知山,132,268,35.313,135.1334
KYTH04,京都府 美山,141,269,35.2685,135.5508
KYTH05,京都府 網野,130,259,35.6814,135.0268
KYTH06,京都府 亀岡,140,275,35.0469,135.4846
KYTH07,京都府 久御山,145,278,34.8983,135.7461
KYTH08,京都府 京都,144,276,35.0094,135.7304
MIE001,三重県 藤原,160,272,35.1719,136.4948
MIE002,三重県 菰野,160,274,35.0283,136.5069
MIE003,三重県 四日市,163,277,34.9708,136.6356
MIE004,三重県 亀山,159,278,34.8568,136.4489
MIE005,三重県 上野,152,282,34.7679,136.1149
MIE006,三重県 津,160,283,34.7178,136.5039
MIE007,三重県 白山,157,285,34.6398,136.3399
MIE008,三重県 名張,153,285,34.6291,136.1074
MIE009,三重県 松阪,162,285,34.5752,136.5296
MIE010,三重県 伊勢,165,288,34.4909,136.7331
MIE011,三重県 飯高,157,290,34.4284,136.3328
MIE012,三重県 志摩,0,0,34.2544,136.8229
MIE013,三重県 南島,160,294,34.2778,136.4993
MIE014,三重県 尾鷲,0,0,34.0636,136.1689
MIE015,三重県 熊野,152,303,33.8788,136.0816
MIE016,三重県 紀和,148,303,33.8764,135.9191
MIE017,三重県 宮川,0,0,34.3628,136.3358
MIE018,三重県 椿世,0,0,34.8701,136.4546
MIEH01,三重県 四日市,159,276,34.9849,136.4563
MIEH02,三重県 大山田,156,282,34.7662,136.2835
MIEH03,三重県 嬉野,157,287,34.547,136.3692
MIEH04,三重県 度会,162,292,34.3532,136.5866
MIEH05,三重県 尾鷲,154,299,34.0637,136.1689
MIEH06,三重県 宮川,157,292,34.358,136.3293
MIEH07,三重県 志摩,167,294,34.2544,136.8216
MIEH08,三重県 松阪,160,287,34.5424,136.5033
MIEH09,三重県 紀宝,150,305,33.7644,135.9969
MIEH10,三重県 芸濃,159,280,34.8224,136.4245
MYG001,宮城県 気仙沼,263,180,38.9017,141.5709
MYG002,宮城県 歌津,262,184,38.7261,141.511
MYG003,宮城県 東和,257,185,38.7349,141.3116
MYG004,宮城県 築館,252,184,38.7324,141.027
MYG005,宮城県 鳴子,245,183,38.7989,140.6512
MYG006,宮城県 古川,251,188,38.566,140.9767
MYG007,宮城県 豊里,257,188,38.5877,141.251
MYG008,宮城県 北上,261,188,38.5676,141.4267
MYG009,宮城県 大和,250,191,38.4466,140.8871
MYG010,宮城県 石巻,258,192,38.4292,141.2819
MYG011,宮城県 牡鹿,262,195,38.302,141.5079
MYG012,宮城県 塩竈,253,194,38.3288,141.0128
MYG013,宮城県 仙台,250,196,38.2661,140.9286
MYG014,宮城県 作並,244,194,38.3173,140.6362
MYG015,宮城県 岩沼,249,201,38.1037,140.8708
MYG016,宮城県 白石,0,0,38.0079,140.6212
MYG017,宮城県 角田,247,203,37.976,140.7822
MYG018,宮城県 伊里前,264,185,38.7194,141.5228
MYG019,宮城県 鳴子温泉,246,185,38.7513,140.7226
MYGH01,宮城県 仙台,0,0,38.24,140.9969
MYGH02,宮城県 鳴子,245,181,38.8587,140.6513
MYGH03,宮城県 唐桑,265,180,38.9207,141.6377
MYGH04,宮城県 東和,257,182,38.786,141.3254
MYGH05,宮城県 小野田,247,188,38.5793,140.7804
MYGH06,宮城県 田尻,253,188,38.5907,141.071
MYGH07,宮城県 川崎,244,198,38.1802,140.6405
MYGH08,宮城県 岩沼,249,198,38.1133,140.8441
MYGH09,宮城県 白石,244,202,38.0091,140.6027
MYGH10,宮城県 山元,250,204,37.9411,140.8924
MYGH11,宮城県 河北,259,190,38.5158,141.3421
MYGH12,宮城県 志津川,0,0,38.6416,141.4428
MYGH13,宮城県 南三陸,260,185,38.6993,141.4176
MYGH14,宮城県 利府,250,194,38.34,140.9551
MYZ001,宮崎県 高千穂,55,332,32.705,131.3086
MYZ002,宮崎県 北川,0,0,32.6978,131.6833
MYZ003,宮崎県 延岡,62,335,32.5659,131.6602
MYZ004,宮崎県 南郷,56,340,32.3888,131.3338
MYZ005,宮崎県 日向,62,339,32.4286,131.6009
MYZ006,宮崎県 都農,61,343,32.2564,131.5609
MYZ007,宮崎県 西米良,50,344,32.2351,131.1155
MYZ008,宮崎県 西都,56,347,32.1056,131.3931
MYZ009,宮崎県 えびの,45,348,32.0461,130.8115
MYZ010,宮崎県 小林,48,350,31.9968,130.9722
MYZ011,宮崎県 綾,54,351,31.9951,131.2559
MYZ012,宮崎県 高崎,0,0,31.8723,131.0684
MYZ013,宮崎県 宮崎,57,352,31.9086,131.4188
MYZ014,宮崎県 田野,55,353,31.8457,131.307
MYZ015,宮崎県 都城,0,0,31.7182,131.0624
MYZ016,宮崎県 日南,56,358,31.6131,131.3745
MYZ017,宮崎県 串間,53,363,31.4639,131.2281
MYZ018,宮崎県 都井岬,55,364,31.3987,131.3054
MYZ019,宮崎県 北郷,57,337,32.5008,131.4444
MYZ020,宮崎県 椎葉,52,338,32.4557,131.1472
MYZH01,宮崎県 五ヶ瀬,53,333,32.6536,131.2257
MYZH02,宮崎県 北川,62,332,32.6972,131.6829
MYZH03,宮崎県 椎葉,49,338,32.4754,131.1043
MYZH04,宮崎県 諸塚,55,337,32.5181,131.3349
MYZH05,宮崎県 南郷,54,341,32.347,131.2668
MYZH06,宮崎県 東郷,58,341,32.3607,131.4643
MYZH07,宮崎県 西米良,52,345,32.1987,131.1946
MYZH08,宮崎県 川南,59,344,32.2132,131.5309
MYZH09,宮崎県 須木,50,348,32.0421,131.0618
MYZH10,宮崎県 国富,54,349,32.0215,131.29
MYZH11,宮崎県 佐土原,58,349,32.0208,131.47
MYZH12,宮崎県 都城北,47,353,31.8643,130.9454
MYZH13,宮崎県 都城南,50,356,31.7301,131.0791
MYZH14,宮崎県 日南,55,360,31.5649,131.351
MYZH15,宮崎県 日向,60,340,32.3654,131.5893
MYZH16,宮崎県 延岡,62,337,32.506,131.6958
NAR001,奈良県 生駒,145,284,34.7153,135.7276
NAR002,奈良県 奈良,147,284,34.6682,135.8353
NAR003,奈良県 大和高田,145,289,34.5171,135.7171
NAR004,奈良県 榛原,148,288,34.5277,135.9511
NAR005,奈良県 五條,144,292,34.3414,135.6844
NAR006,奈良県 川上,149,291,34.3384,135.9545
NAR007,奈良県 大塔,145,295,34.2214,135.7368
NAR008,奈良県 上北山,150,297,34.1369,136.0063
NAR009,奈良県 十津川,145,302,33.9396,135.753
NARH01,奈良県 十津川西,143,301,33.9666,135.6489
NARH02,奈良県 十津川東,147,301,33.9692,135.8574
NARH03,奈良県 川上,150,293,34.2925,136.0022
NARH04,奈良県 黒滝,147,293,34.3061,135.8369
NARH05,奈良県 東吉野,151,290,34.4237,136.0294
NARH06,奈良県 山添,150,285,34.6413,136.0512
NARH07,奈良県 天理,147,286,34.5843,135.8541
NGN001,長野県 飯山,198,230,36.8513,138.3657
NGN002,長野県 信濃,195,232,36.8068,138.2069
NGN003,長野県 山ノ内,200,233,36.74,138.4137
NGN004,長野県 長野,195,235,36.6475,138.1941
NGN005,長野県 白馬,0,0,36.6987,137.863
NGN006,長野県 大町,188,240,36.5084,137.8514
NGN007,長野県 杭瀬下,194,238,36.5344,138.1188
NGN008,長野県 上田,196,241,36.4018,138.2483
NGN009,長野県 穂高,189,243,36.3371,137.8718
NGN010,長野県 小諸,199,243,36.3282,138.4349
NGN011,長野県 長門,196,246,36.2718,138.2584
NGN012,長野県 松本,189,245,36.2571,137.9796
NGN013,長野県 安曇,186,247,36.1827,137.785
NGN014,長野県 小海,200,249,36.0956,138.4839
NGN015,長野県 諏訪,193,250,36.0451,138.1114
NGN016,長野県 富士見,0,0,35.9133,138.2229
NGN017,長野県 楢川,188,253,35.9749,137.8259
NGN018,長野県 王滝,181,256,35.8129,137.5298
NGN019,長野県 木曽福島,185,254,35.8561,137.708
NGN020,長野県 伊那,191,254,35.8278,137.9548
NGN021,長野県 駒ヶ根,189,258,35.7293,137.9336
NGN022,長野県 南木曽,0,0,35.6053,137.6126
NGN023,長野県 大鹿,192,262,35.5775,138.0338
NGN024,長野県 飯田,0,0,35.5232,137.8382
NGN025,長野県 天龍,188,269,35.2864,137.8571
NGNH03,長野県 阿智2,185,264,35.4786,137.7346
NGNH07,長野県 中野,197,233,36.7434,138.376
NGNH08,長野県 三郷,187,245,36.2541,137.8591
NGNH09,長野県 武石,196,243,36.2859,138.2491
NGNH10,長野県 木祖,185,252,35.9632,137.7669
NGNH11,長野県 富士見,197,253,35.9157,138.3052
NGNH12,長野県 南牧,201,252,35.9696,138.4797
NGNH13,長野県 喬木,188,264,35.5143,137.8767
NGNH14,長野県 平谷,183,268,35.3095,137.6261
NGNH15,長野県 辰野,189,251,36.0088,137.9305
NGNH16,長野県 茅野,195,253,35.9465,138.1848
NGNH17,長野県 佐久,203,248,36.1425,138.5504
NGNH18,長野県 開田,183,253,35.9324,137.595
NGNH19,長野県 川上,203,252,35.9735,138.5845
NGNH20,長野県 上松,185,257,35.787,137.7173
NGNH21,長野県 伊那,189,255,35.8315,137.9236
NGNH22,長野県 長谷,192,256,35.7946,138.0824
NGNH23,長野県 南木曽,183,261,35.6056,137.6105
NGNH24,長野県 松川,188,261,35.6152,137.8797
NGNH25,長野県 南信濃,189,267,35.2986,137.9268
NGNH26,長野県 上山田,194,240,36.4663,138.1474
NGNH27,長野県 信州新,192,237,36.577,138.0479
NGNH28,長野県 戸隠,193,234,36.7075,138.0964
NGNH29,長野県 野沢温泉,200,229,36.9102,138.4408
NGNH30,長野県 奈川,184,250,36.064,137.6849
NGNH31,長野県 塩尻,190,248,36.1184,137.9389
NGNH32,長野県 松本,191,245,36.2578,137.9898
NGNH33,長野県 生坂,190,240,36.4598,137.9637
NGNH34,長野県 大町中,187,238,36.5327,137.8201
NGNH35,長野県 穂高,187,242,36.3824,137.8201
NGNH36,長野県 白馬,188,234,36.6984,137.8482
NGNH37,長野県 御代田,202,243,36.3308,138.4967
NGNH54,長野県 飯田,191,265,35.4489,138.0058
NGS001,長崎県 平戸,19,316,33.3617,129.5377
NGS002,長崎県 松浦,22,317,33.3442,129.7056
NGS003,長崎県 志々伎,0,0,33.2016,129.4124
NGS004,長崎県 佐世保,21,321,33.181,129.7173
NGS005,長崎県 東彼杵,26,324,33.037,129.9173
NGS006,長崎県 大瀬戸,21,327,32.933,129.6436
NGS007,長崎県 琴海,24,328,32.9062,129.7804
NGS008,長崎県 小長井,33,327,32.9233,130.1846
NGS009,長崎県 諫早,28,329,32.8457,130.0216
NGS010,長崎県 長崎,26,331,32.7351,129.8765
NGS011,長崎県 千々石,32,330,32.7843,130.2023
NGS012,長崎県 島原,35,330,32.7883,130.3463
NGS013,長崎県 野母崎,23,335,32.581,129.7597
NGS014,長崎県 口之津,32,335,32.6104,130.1851
NGS015,長崎県 宇久,10,319,33.2557,129.1256
NGS016,長崎県 若松,8,328,32.8876,129.0213
NGS017,長崎県 福江,4,333,32.6693,128.8432
NGS018,長崎県 玉之浦,0,334,32.634,128.6205
NGS019,長崎県 大村,27,327,32.9003,129.9583
NGS020,長崎県 上対馬,17,284,34.6551,129.4591
NGS021,長崎県 豊玉,14,291,34.3971,129.3239
NGS022,長崎県 国分,13,295,34.2031,129.2874
NGS023,長崎県 郷ノ浦,22,307,33.75,129.691
NGSH01,長崎県 平戸,16,320,33.2116,129.4353
NGSH02,長崎県 佐世保北,23,320,33.2122,129.7652
NGSH03,長崎県 佐世保南,24,322,33.1256,129.8102
NGSH04,長崎県 琴海,24,326,32.9553,129.8026
NGSH05,長崎県 高来,31,327,32.9103,130.1408
NGSH06,長崎県 長崎,24,332,32.6999,129.8625
NIG001,新潟県 岩谷口,200,196,38.257,138.4318
NIG002,新潟県 両津,200,200,38.0748,138.4407
NIG003,新潟県 佐和田,197,202,37.9977,138.3231
NIG004,新潟県 小木,197,207,37.82,138.2788
NIG005,新潟県 松ヶ崎,201,204,37.9207,138.4971
NIG006,新潟県 寒川,221,191,38.4514,139.4963
NIG007,新潟県 村上,221,197,38.2306,139.4863
NIG008,新潟県 中条,219,201,38.0514,139.4086
NIG009,新潟県 新発田,219,203,37.951,139.3377
NIG010,新潟県 新潟,211,204,37.9144,139.0107
NIG011,新潟県 新津,213,207,37.8012,139.1457
NIG012,新潟県 鹿瀬,0,0,37.6863,139.4771
NIG013,新潟県 巻,209,208,37.7634,138.883
NIG014,新潟県 三条,210,211,37.6412,138.9553
NIG015,新潟県 村松,214,210,37.6938,139.1884
NIG016,新潟県 寺泊,206,211,37.6458,138.773
NIG017,新潟県 長岡,207,216,37.441,138.8425
NIG018,新潟県 柏崎,202,218,37.3727,138.5583
NIG019,新潟県 小千谷,207,219,37.3043,138.8121
NIG020,新潟県 小出,209,221,37.2348,138.9621
NIG021,新潟県 十日町,208,222,37.2011,138.7783
NIG022,新潟県 塩沢,0,0,37.0366,138.8461
NIG023,新潟県 津南,204,226,37.0134,138.6546
NIG024,新潟県 安塚,200,223,37.1274,138.4442
NIG025,新潟県 直江津,195,223,37.161,138.2234
NIG026,新潟県 新井,196,225,37.0224,138.2506
NIG027,新潟県 糸魚川,188,226,37.0235,137.8613
NIG028,新潟県 長岡支所,0,0,37.4257,138.8856
NIGH01,新潟県 長岡,210,216,37.4272,138.8876
NIGH02,新潟県 朝日,222,195,38.2799,139.5486
NIGH03,新潟県 荒川,220,199,38.1327,139.4289
NIGH04,新潟県 関川,222,199,38.1313,139.5428
NIGH05,新潟県 聖籠,216,203,37.9759,139.2788
NIGH06,新潟県 加茂,212,211,37.6527,139.0676
NIGH07,新潟県 村松,217,210,37.6658,139.261
NIGH08,新潟県 津川,221,210,37.6708,139.4648
NIGH09,新潟県 下田,214,214,37.5386,139.1279
NIGH10,新潟県 上川,219,213,37.5438,139.3648
NIGH11,新潟県 川西,205,222,37.1728,138.744
NIGH12,新潟県 湯之谷,212,221,37.2239,138.9821
NIGH13,新潟県 牧,199,226,37.0544,138.3966
NIGH14,新潟県 塩沢,208,226,37.0303,138.8521
NIGH15,新潟県 六日,211,225,37.0533,138.9951
NIGH16,新潟県 糸魚川,188,228,36.9378,137.848
NIGH17,新潟県 妙高高原,193,230,36.8569,138.0966
NIGH18,新潟県 妙高,196,228,36.9425,138.2594
NIGH19,新潟県 湯沢,207,231,36.8114,138.7849
NMRH01,北海道 標津北,334,60,43.785,145.0246
NMRH02,北海道 標津南,332,63,43.6772,144.9618
NMRH03,北海道 中標津,333,66,43.5508,144.9665
NMRH04,北海道 別海東,336,70,43.3978,145.1224
NMRH05,北海道 別海西,329,70,43.39,144.8021
OIT001,大分県 国見,60,308,33.6788,131.5949
OIT002,大分県 中津,54,311,33.5691,131.2675
OIT003,大分県 豊後高田,57,311,33.5575,131.446
OIT004,大分県 国東,63,311,33.5659,131.7316
OIT005,大分県 耶馬渓,51,314,33.4524,131.1142
OIT006,大分県 院内,55,315,33.4211,131.3173
OIT007,大分県 杵築,61,315,33.4169,131.6142
OIT008,大分県 天瀬,49,319,33.2548,131.0197
OIT009,大分県 湯布院,55,319,33.2568,131.3443
OIT010,大分県 大分,60,319,33.2317,131.5934
OIT011,大分県 佐賀関,66,319,33.2468,131.8816
OIT012,大分県 直入,57,323,33.0666,131.3729
OIT013,大分県 犬飼,60,323,33.0727,131.5934
OIT014,大分県 津久見,66,323,33.0656,131.8588
OIT015,大分県 竹田,58,326,32.9733,131.3998
OIT016,大分県 佐伯,68,325,32.9748,131.903
OIT017,大分県 宇目,62,327,32.8579,131.6576
OIT018,大分県 蒲江,67,330,32.798,131.9255
OITH01,大分県 山国,49,315,33.4122,131.0326
OITH02,大分県 山香,57,314,33.4581,131.4429
OITH03,大分県 安岐,62,313,33.4736,131.6856
OITH04,大分県 庄内,54,322,33.1306,131.3473
OITH05,大分県 野津原,59,321,33.1525,131.542
OITH06,大分県 竹田,55,326,32.9726,131.3984
OITH07,大分県 三重,60,325,32.987,131.5881
OITH08,大分県 宇目西,59,329,32.8392,131.5357
OITH09,大分県 宇目東,62,329,32.8486,131.6786
OITH10,大分県 佐伯,65,327,32.9278,131.8695
OITH11,大分県 九重,53,318,33.2844,131.2118
OKN001,沖縄県 国頭,115,130,26.7402,128.1736
OKN002,沖縄県 名護,111,135,26.5916,127.9767
OKN003,沖縄県 具志川,109,139,26.38,127.8572
OKN004,沖縄県 那覇,105,142,26.2497,127.6786
OKN005,沖縄県 知念,108,144,26.1686,127.8267
OKN006,沖縄県 久米島,86,140,26.3497,126.7479
OKN007,沖縄県 狩俣,56,176,24.853,125.2964
OKN008,沖縄県 城辺,58,180,24.7558,125.3864
OKN009,沖縄県 新栄,33,189,24.3413,124.1526
OKN010,沖縄県 伊原間,36,186,24.5088,124.282
OKN011,沖縄県 上原,26,187,24.4324,123.7798
OKY001,岡山県 湯原,105,272,35.1702,133.7311
OKY002,岡山県 加茂,110,272,35.1785,134.0505
OKY003,岡山県 西粟倉,116,271,35.1732,134.3346
OKY004,岡山県 新見,100,276,34.9586,133.5018
OKY005,岡山県 落合,105,275,35.0096,133.7318
OKY006,岡山県 津山,109,275,35.0685,134.0054
OKY007,岡山県 高梁,101,281,34.7805,133.6104
OKY008,岡山県 建部,108,279,34.8688,133.9039
OKY009,岡山県 吉井,111,278,34.9185,134.0931
OKY010,岡山県 備前,112,284,34.7228,134.1229
OKY011,岡山県 岡山,108,284,34.6554,133.9075
OKY012,岡山県 倉敷,105,286,34.5897,133.754
OKY013,岡山県 笠岡,100,289,34.5094,133.509
OKY014,岡山県 下津井,105,289,34.4483,133.787
OKY015,岡山県 上斎原,0,0,35.2793,133.926
OKYH01,岡山県 玉野,107,288,34.507,133.8905
OKYH02,岡山県 瀬戸,111,282,34.7501,134.0702
OKYH03,岡山県 岡山,105,281,34.7783,133.789
OKYH04,岡山県 真備,102,285,34.6429,133.6861
OKYH05,岡山県 建部,105,279,34.8684,133.8527
OKYH06,岡山県 美星,100,284,34.6756,133.5283
OKYH07,岡山県 神郷,95,275,35.0493,133.3169
OKYH08,岡山県 哲多,97,278,34.9103,133.4055
OKYH09,岡山県 湯原,103,271,35.1809,133.6765
OKYH10,岡山県 上斎原,108,269,35.2826,133.9263
OKYH11,岡山県 勝央,112,274,35.0732,134.1162
OKYH12,岡山県 大原,116,273,35.0999,134.319
OKYH13,岡山県 日生,115,282,34.7283,134.2744
OKYH14,岡山県 北房,102,277,34.9363,133.6205
OSK001,大阪府 能勢,138,276,34.9688,135.396
OSK002,大阪府 高槻,141,279,34.8572,135.5958
OSK003,大阪府 豊中,139,281,34.7668,135.4684
OSK004,大阪府 四條畷,142,282,34.7407,135.6396
OSK005,大阪府 大阪,0,0,34.7256,135.5101
OSK006,大阪府 堺,139,286,34.5894,135.471
OSK007,大阪府 羽曳野,141,286,34.5575,135.606
OSK008,大阪府 岸和田,137,289,34.4404,135.3918
OSK009,大阪府 河内長野,141,289,34.4364,135.5805
OSK010,大阪府 泉南,0,0,34.3744,135.2553
OSKH01,大阪府 田尻,135,291,34.3977,135.2836
OSKH02,大阪府 此花,138,284,34.6628,135.3896
OSKH03,大阪府 太子,144,286,34.5248,135.6608
OSKH04,大阪府 交野,144,282,34.763,135.7052
OSKH05,大阪府 大阪,140,283,34.7159,135.5199
OSMH01,北海道 知内,240,114,41.5977,140.4207
OSMH02,北海道 上磯,244,108,41.8374,140.6331
RMIH01,北海道 幌延,274,30,45.0167,142.0795
RMIH02,北海道 天塩,271,33,44.8948,141.9251
RMIH03,北海道 遠別,268,39,44.6359,141.8187
RMIH04,北海道 小平東,271,53,44.0974,141.9621
RMIH05,北海道 小平西,267,54,44.0254,141.7876
SAG001,佐賀県 鎮西,0,0,33.5274,129.8772
SAG002,佐賀県 唐津,26,314,33.4228,129.9192
SAG003,佐賀県 富士,31,316,33.3732,130.2081
SAG004,佐賀県 伊万里,0,0,33.2649,129.8813
SAG005,佐賀県 厳木,29,317,33.3213,130.0645
SAG006,佐賀県 武雄,28,320,33.1917,130.0317
SAG007,佐賀県 佐賀,34,319,33.2626,130.3005
SAG008,佐賀県 鹿島,30,322,33.1041,130.0998
SAGH01,佐賀県 鎮西,26,312,33.508,129.8877
SAGH02,佐賀県 伊万里,26,318,33.2656,129.8798
SAGH03,佐賀県 富士,33,315,33.4098,130.2329
SAGH04,佐賀県 東脊振,36,316,33.3654,130.4046
SAGH05,佐賀県 白石,31,320,33.1806,130.1046
SBSH01,北海道 古平,244,74,43.2341,140.6228
SBSH02,北海道 泊,242,78,43.0527,140.5017
SBSH03,北海道 赤井川,248,77,43.0842,140.8199
SBSH04,北海道 共和,244,80,42.9758,140.6219
SBSH05,北海道 倶知安,248,80,42.95,140.8223
SBSH06,北海道 蘭越,240,84,42.8309,140.4831
SBSH07,北海道 真狩,248,85,42.763,140.8084
SBSH08,北海道 喜茂別,251,85,42.768,140.9766
SBSH09,北海道 黒松内,241,89,42.6104,140.4841
SBSH10,北海道 島牧,235,85,42.7797,140.1557
SIG001,滋賀県 余呉,154,263,35.5399,136.2066
SIG002,滋賀県 今津,151,266,35.4214,136.0243
SIG003,滋賀県 長浜,155,267,35.3773,136.2642
SIG004,滋賀県 朽木,148,267,35.3474,135.9187
SIG005,滋賀県 彦根,155,270,35.2499,136.2414
SIG006,滋賀県 志賀,149,271,35.2002,135.921
SIG007,滋賀県 近江八幡,152,273,35.1339,136.0957
SIG008,滋賀県 永源寺,156,274,35.0704,136.2946
SIG009,滋賀県 甲西,152,276,35.0052,136.0841
SIG010,滋賀県 大津,148,277,34.9719,135.8965
SIG011,滋賀県 信楽,0,0,34.8781,136.0591
SIG012,滋賀県 甲賀,155,279,34.9018,136.2324
SIGH01,滋賀県 多賀,157,270,35.2383,136.3599
SIGH02,滋賀県 大津,147,270,35.2482,135.8671
SIGH03,滋賀県 信楽,151,279,34.853,136.0316
SIGH04,滋賀県 日野,155,276,34.9638,136.261
SIT001,埼玉県 本庄,215,246,36.2431,139.1938
SIT002,埼玉県 熊谷,220,248,36.1478,139.3888
SIT003,埼玉県 久喜,225,250,36.0721,139.6969
SIT004,埼玉県 長瀞,214,248,36.1178,139.1044
SIT005,埼玉県 小川,217,250,36.0563,139.2626
SIT006,埼玉県 秩父,212,252,35.9959,139.0713
SIT007,埼玉県 東松山,220,250,36.0542,139.3933
SIT008,埼玉県 春日部,226,252,35.9829,139.7456
SIT009,埼玉県 川越,221,254,35.9033,139.4826
SIT010,埼玉県 大宮,224,254,35.9071,139.6478
SIT011,埼玉県 川口,0,0,35.8098,139.7214
SIT012,埼玉県 飯能,219,256,35.8403,139.3216
SIT013,埼玉県 所沢,220,256,35.7966,139.4659
SIT014,埼玉県 中津川,207,251,35.9954,138.801
SITH01,埼玉県 岩槻,226,254,35.929,139.7349
SITH03,埼玉県 日高,219,254,35.899,139.3843
SITH04,埼玉県 所沢,222,256,35.8028,139.5353
SITH05,埼玉県 神泉,211,248,36.1509,139.0504
SITH06,埼玉県 川本,217,248,36.1131,139.2894
SITH07,埼玉県 名栗,214,253,35.9118,139.1485
SITH08,埼玉県 小鹿野,210,251,36.0274,138.9691
SITH09,埼玉県 皆野,214,250,36.0715,139.0993
SITH10,埼玉県 都幾川,217,252,35.9964,139.2191
SITH11,埼玉県 飯能,217,255,35.8637,139.2726
SITH12,埼玉県 都幾川2,0,0,35.9969,139.2194
SMN001,島根県 美保関,92,263,35.5371,133.1614
SMN002,島根県 松江,90,265,35.4713,133.0681
SMN003,島根県 横田,91,272,35.1798,133.0934
SMN004,島根県 木次,87,269,35.2875,132.9022
SMN005,島根県 出雲,84,267,35.3608,132.7449
SMN006,島根県 大田,79,271,35.1908,132.4981
SMN007,島根県 邑智,82,274,35.0773,132.5919
SMN008,島根県 瑞穂,80,280,34.8521,132.5308
SMN009,島根県 江津,73,276,35.0117,132.2219
SMN010,島根県 浜田,70,279,34.8876,132.0757
SMN011,島根県 匹見,0,0,34.5722,132.0136
SMN012,島根県 六日市,68,292,34.3551,131.9354
SMN013,島根県 益田,66,284,34.6696,131.8461
SMN014,島根県 津和野,64,289,34.4668,131.7747
SMN015,島根県 広瀬,93,267,35.3653,133.1706
SMN016,島根県 掛合,84,272,35.1959,132.8144
SMN017,島根県 西ノ島,89,249,36.093,132.9838
SMN018,島根県 都万,94,247,36.1969,133.2348
SMN019,島根県 布施,96,244,36.2938,133.3526
SMN020,島根県 下宇部尾,0,0,35.5347,133.1651
SMNH01,島根県 伯太,94,269,35.2963,133.2604
SMNH02,島根県 仁多,91,270,35.2235,133.0856
SMNH03,島根県 佐田,83,270,35.2243,132.7223
SMNH04,島根県 邑智,79,274,35.0918,132.5308
SMNH05,島根県 羽須美,82,279,34.8697,132.6396
SMNH06,島根県 金城,73,279,34.8839,132.2026
SMNH07,島根県 美都,69,283,34.694,132.0402
SMNH08,島根県 石見,77,279,34.8801,132.4208
SMNH09,島根県 匹見,69,286,34.5725,132.0122
SMNH10,島根県 美保関,95,262,35.5579,133.3004
SMNH11,島根県 平田,85,265,35.4259,132.8008
SMNH12,島根県 吉田,86,272,35.1634,132.8558
SMNH13,島根県 江津,75,276,35.0087,132.3069
SMNH14,島根県 六日市,65,291,34.3904,131.8925
SMNH15,島根県 鹿島,88,263,35.5232,133.0226
SMNH16,島根県 加茂,87,267,35.3422,132.8989
SOYH01,北海道 猿払北,274,22,45.3346,142.1185
SOYH02,北海道 猿払南,277,25,45.2163,142.2254
SOYH03,北海道 稚内西,265,24,45.2531,141.6334
SOYH04,北海道 稚内東,270,25,45.2303,141.8806
SOYH05,北海道 稚内北,269,18,45.4883,141.885
SOYH06,北海道 豊富,269,28,45.1019,141.7834
SOYH07,北海道 浜頓別,281,28,45.1001,142.4307
SOYH08,北海道 中頓別,277,33,44.9387,142.2247
SOYH09,北海道 歌登北,282,34,44.857,142.4868
SOYH10,北海道 歌登南,284,37,44.7433,142.6039
SRCH01,北海道 幌加内北,274,48,44.2803,142.1594
SRCH02,北海道 幌加内中,275,52,44.116,142.1414
SRCH03,北海道 幌加内南,275,55,43.9994,142.1258
SRCH04,北海道 沼田,271,58,43.8203,141.9397
SRCH05,北海道 深川北,275,59,43.8243,142.1594
SRCH06,北海道 深川南,275,62,43.6948,142.0776
SRCH07,北海道 三笠,270,74,43.23,141.8978
SRCH08,北海道 砂川,269,67,43.5138,141.909
SRCH09,北海道 栗山,268,78,43.0587,141.8063
SRCH10,北海道 夕張,272,80,42.993,142.0085
SZO001,静岡県 熱海,213,272,35.1425,139.0798
SZO002,静岡県 伊東,213,275,34.9653,139.103
SZO003,静岡県 東伊豆,212,280,34.8158,139.0544
SZO004,静岡県 南伊豆,207,286,34.6471,138.8193
SZO005,静岡県 松崎,206,283,34.755,138.7841
SZO006,静岡県 土肥,207,278,34.9111,138.7948
SZO007,静岡県 修善寺,211,276,34.9771,138.9468
SZO008,静岡県 沼津,208,273,35.1105,138.8436
SZO009,静岡県 裾野,209,271,35.1972,138.9129
SZO010,静岡県 御殿場,209,268,35.3134,138.9063
SZO011,静岡県 富士宮,204,271,35.2129,138.6015
SZO012,静岡県 蒲原,203,273,35.1257,138.6222
SZO013,静岡県 清水,201,274,35.0409,138.4765
SZO014,静岡県 静岡,198,277,34.9649,138.3741
SZO015,静岡県 梅ヶ島,198,270,35.2433,138.341
SZO016,静岡県 焼津,197,279,34.8564,138.312
SZO017,静岡県 浜岡,193,285,34.6375,138.1286
SZO018,静岡県 榛原,195,282,34.7389,138.2247
SZO019,静岡県 掛川,191,282,34.7705,137.9989
SZO020,静岡県 川根,194,275,35.0084,138.1474
SZO021,静岡県 本川根,194,272,35.0978,138.1332
SZO022,静岡県 佐久間,187,274,35.0918,137.8127
SZO023,静岡県 天竜,187,279,34.8736,137.8167
SZO024,静岡県 浜松,185,282,34.7104,137.7199
SZO025,静岡県 湖西,182,283,34.7189,137.5318
SZO026,静岡県 春野,189,276,34.9812,137.8964
SZO027,静岡県 西伊豆,208,280,34.7809,138.7934
SZO028,静岡県 川奈,215,277,34.9522,139.1379
SZOH21,静岡県 森,0,0,34.8601,137.9426
SZOH22,静岡県 黒俣,0,0,35.0332,138.1979
SZOH24,静岡県 引佐,184,280,34.8343,137.6616
SZOH25,静岡県 新居,180,285,34.6913,137.5604
SZOH26,静岡県 袋井,189,281,34.7948,137.9034
SZOH28,静岡県 浜松,186,284,34.6683,137.7441
SZOH29,静岡県 静岡北,195,268,35.307,138.1973
SZOH30,静岡県 水窪北,189,271,35.2233,137.9181
SZOH31,静岡県 川根,192,277,34.9398,138.0767
SZOH32,静岡県 龍山東,187,276,35.0086,137.8409
SZOH33,静岡県 静岡南,198,275,35.0146,138.3526
SZOH34,静岡県 清水北,199,273,35.1304,138.4243
SZOH35,静岡県 伊東中,212,278,34.9467,139.0855
SZOH36,静岡県 藤枝,195,279,34.9142,138.2008
SZOH37,静岡県 芝川,201,271,35.2028,138.5659
SZOH38,静岡県 函南,211,274,35.0854,138.9779
SZOH39,静岡県 西伊豆西,206,281,34.7988,138.7724
SZOH40,静岡県 河津,210,281,34.7832,138.97
SZOH41,静岡県 南伊豆,209,284,34.6749,138.834
SZOH42,静岡県 修善寺,209,276,34.9756,138.9128
SZOH43,静岡県 清水南,201,276,34.9739,138.4924
SZOH53,静岡県 掛川3,191,279,34.8768,138.0174
SZOH54,静岡県 初島2,215,275,35.0417,139.1685
TCG001,栃木県 黒磯,233,228,36.9432,140.0825
TCG002,栃木県 塩原,228,227,36.9903,139.8029
TCG003,栃木県 藤原,226,231,36.8153,139.7184
TCG004,栃木県 湯元,220,232,36.8065,139.4221
TCG005,栃木県 矢板,230,232,36.8061,139.9264
TCG006,栃木県 小川,233,233,36.7638,140.1295
TCG007,栃木県 宇都宮,229,236,36.5677,139.8873
TCG008,栃木県 鹿沼,227,238,36.56,139.7676
TCG009,栃木県 今市,225,234,36.7261,139.7159
TCG010,栃木県 足尾,220,236,36.6348,139.4379
TCG011,栃木県 葛生,224,242,36.3869,139.6144
TCG012,栃木県 小山,228,244,36.2863,139.8048
TCG013,栃木県 真岡,232,241,36.4368,140.0227
TCG014,栃木県 茂木,236,238,36.5428,140.1804
TCG015,栃木県 芹沼,224,233,36.7488,139.7144
TCG016,栃木県 北高岡,0,0,36.5288,140.1558
TCGH06,栃木県 真岡,230,240,36.4458,139.9509
TCGH07,栃木県 栗山西,220,230,36.8817,139.4534
TCGH08,栃木県 栗山東,224,230,36.8828,139.6459
TCGH09,栃木県 矢板,228,230,36.8625,139.8364
TCGH10,栃木県 大田原,233,231,36.8578,140.0225
TCGH11,栃木県 今市,228,234,36.7084,139.7694
TCGH12,栃木県 氏家,231,234,36.6959,139.9842
TCGH13,栃木県 馬頭,235,233,36.7342,140.1781
TCGH14,栃木県 粟野,224,238,36.5509,139.6154
TCGH15,栃木県 宇都宮,229,238,36.5595,139.8637
TCGH16,栃木県 芳賀,233,238,36.548,140.0751
TCGH17,栃木県 藤原2,225,227,36.9853,139.6922
TCGH19,栃木県 大田原2,235,230,36.906,140.1119
TKCH01,北海道 陸別,306,68,43.4683,143.683
TKCH02,北海道 足寄東,311,70,43.3822,143.8983
TKCH03,北海道 足寄西,301,73,43.2708,143.4317
TKCH04,北海道 新得南,291,75,43.1739,142.9176
TKCH05,北海道 本別,305,77,43.1211,143.6181
TKCH06,北海道 芽室,293,82,42.892,143.0603
TKCH07,北海道 豊頃,303,84,42.8114,143.5203
TKCH08,北海道 大樹,296,92,42.4865,143.152
TKCH10,北海道 新得北,291,71,43.3337,142.9448
TKCH11,北海道 清水,290,83,42.8742,142.883
TKS001,徳島県 鳴門,122,295,34.2034,134.6096
TKS002,徳島県 徳島,121,299,34.0439,134.582
TKS003,徳島県 阿南,122,304,33.8716,134.604
TKS004,徳島県 由岐,122,306,33.775,134.5907
TKS005,徳島県 上勝,117,303,33.8788,134.389
TKS006,徳島県 牟岐,119,309,33.6689,134.4191
TKS007,徳島県 市場,115,298,34.0903,134.2854
TKS008,徳島県 木屋平,114,302,33.9341,134.2113
TKS009,徳島県 木頭,113,306,33.7722,134.1993
TKS010,徳島県 貞光,111,298,34.0382,134.0614
TKS011,徳島県 東祖谷山,0,0,33.8744,133.9219
TKS012,徳島県 池田,105,300,34.0317,133.8064
TKSH01,徳島県 日和佐,119,306,33.7751,134.4994
TKSH02,徳島県 貞光,111,301,34.0112,134.0918
TKSH03,徳島県 木屋平,112,303,33.8778,134.1294
TKSH04,徳島県 徳島,120,301,33.9902,134.5337
TKSH05,徳島県 海南,116,309,33.6628,134.3156
TKSH06,徳島県 井川,107,300,33.9997,133.8933
TKY001,東京都 氷川,213,256,35.8031,139.0953
TKY002,東京都 桧原,214,258,35.7306,139.1454
TKY003,東京都 青梅,217,257,35.7968,139.2916
TKY004,東京都 八王子,219,260,35.6301,139.4034
TKY005,東京都 町田,220,262,35.5798,139.4137
TKY006,東京都 小金井,223,258,35.6989,139.5028
TKY007,東京都 新宿,224,258,35.7111,139.6864
TKY008,東京都 岡田,219,281,34.7851,139.3909
TKY009,東京都 波浮港,220,284,34.6867,139.441
TKY010,東京都 新島,216,291,34.3779,139.2573
TKY011,東京都 神着,0,0,34.1228,139.5315
TKY012,東京都 八丈,227,322,33.1195,139.7986
TKY013,東京都 砂町,0,0,35.6627,139.8341
TKY014,東京都 亀戸,227,258,35.7002,139.8351
TKY015,東京都 東白鬚,0,0,35.7313,139.8119
TKY016,東京都 東雲,0,0,35.6486,139.799
TKY017,東京都 辰巳,0,0,35.6473,139.8092
TKY018,東京都 八枝,0,0,35.6553,139.8114
TKY019,東京都 豊洲,0,0,35.6538,139.7948
TKY020,東京都 塩浜,0,0,35.6646,139.8086
TKY021,東京都 猿江,0,0,35.6875,139.819
TKY022,東京都 横網,0,0,35.7002,139.7963
TKY023,東京都 八広,0,0,35.7259,139.8254
TKY024,東京都 奥戸,226,256,35.7422,139.8612
TKY025,東京都 篠崎,228,257,35.7136,139.8972
TKY026,東京都 宇喜田,0,0,35.6707,139.8633
TKY027,東京都 瑞江,0,0,35.693,139.8913
TKY028,東京都 越中島,226,261,35.6698,139.7891
TKY029,東京都 三宅,221,298,34.0757,139.4789
TKY030,東京都 赤坂,0,0,35.6698,139.736
TKY031,東京都 千駄ヶ谷,225,260,35.6789,139.707
TKYH02,東京都 府中,221,260,35.6539,139.4704
TKYH11,東京都 江東,228,261,35.6114,139.8125
TKYH12,東京都 八王子,217,259,35.6701,139.265
TKYH13,東京都 檜原南,0,0,35.7017,139.1275
TTR001,鳥取県 若桜,118,268,35.3398,134.4007
TTR002,鳥取県 鳥取,114,264,35.4859,134.2201
TTR003,鳥取県 用瀬,115,267,35.3432,134.2075
TTR004,鳥取県 鹿野,111,265,35.4606,134.0548
TTR005,鳥取県 倉吉,106,265,35.4298,133.8258
TTR006,鳥取県 赤碕,102,262,35.5144,133.6297
TTR007,鳥取県 江府,99,269,35.2836,133.4866
TTR008,鳥取県 米子,96,265,35.4259,133.3301
TTR009,鳥取県 日南,95,272,35.1712,133.3118
TTRH01,鳥取県 智頭,114,269,35.2604,134.2173
TTRH02,鳥取県 日野,97,270,35.2313,133.3909
TTRH03,鳥取県 溝口,99,267,35.3553,133.4918
TTRH04,鳥取県 赤碕,102,264,35.4668,133.6307
TTRH05,鳥取県 岩美,116,262,35.5729,134.3426
TTRH06,鳥取県 河原,113,266,35.3946,134.1988
TTRH07,鳥取県 関金,104,267,35.3649,133.7486
TYM001,富山県 境,183,227,36.9764,137.6257
TYM002,富山県 氷見,171,229,36.8659,136.975
TYM003,富山県 魚津,178,230,36.8164,137.42
TYM004,富山県 宇奈月,181,230,36.8626,137.5274
TYM005,富山県 新湊,173,232,36.7611,137.0931
TYM006,富山県 小矢部,168,235,36.6731,136.8974
TYM007,富山県 富山,174,235,36.6687,137.2123
TYM008,富山県 大山,176,237,36.6085,137.2826
TYM009,富山県 八尾,172,237,36.5853,137.1403
TYM010,富山県 福光,168,238,36.5556,136.8883
TYM011,富山県 芦弁,178,237,36.578,137.3851
TYM012,富山県 利賀,171,242,36.4402,137.0395
TYMH01,富山県 氷見,168,230,36.8866,136.9276
TYMH02,富山県 大門,170,234,36.7142,137.0378
TYMH03,富山県 富山,176,233,36.7294,137.2627
TYMH04,富山県 魚津,181,233,36.7914,137.4689
TYMH05,富山県 井波,171,236,36.5736,136.9584
TYMH06,富山県 八尾,175,238,36.5711,137.1595
TYMH07,富山県 利賀,171,239,36.4406,137.0392
WKY001,和歌山県 和歌山,133,295,34.2293,135.1694
WKY002,和歌山県 那賀,139,294,34.2755,135.4306
WKY003,和歌山県 有田,132,298,34.0996,135.1161
WKY004,和歌山県 清水,139,298,34.0841,135.431
WKY005,和歌山県 龍神,140,303,33.8943,135.4885
WKY006,和歌山県 御坊,133,303,33.9146,135.1639
WKY007,和歌山県 本宮,145,304,33.8374,135.7736
WKY008,和歌山県 田辺,137,307,33.7289,135.3771
WKY009,和歌山県 新宮,150,308,33.7208,135.9814
WKY010,和歌山県 すさみ,138,311,33.5499,135.4973
WKY011,和歌山県 太地,149,310,33.5948,135.9462
WKY012,和歌山県 串本,146,313,33.4719,135.7835
WKY013,和歌山県 高野,142,295,34.2159,135.5864
WKY014,和歌山県 木守,144,308,33.7056,135.6396
WKYH01,和歌山県 広川,134,301,33.9804,135.2122
WKYH02,和歌山県 花園,141,297,34.1373,135.5369
WKYH03,和歌山県 野上,136,297,34.1314,135.3244
WKYH04,和歌山県 すさみ,141,311,33.5559,135.5454
WKYH05,和歌山県 那智勝浦,147,310,33.6072,135.8619
WKYH06,和歌山県 大塔,141,308,33.6948,135.5953
WKYH07,和歌山県 上富田,139,308,33.6894,135.4396
WKYH08,和歌山県 那賀,139,292,34.3228,135.4483
WKYH09,和歌山県 和歌山,131,293,34.2868,135.0714
WKYH10,和歌山県 印南,134,305,33.8248,135.2172
YMG001,山口県 須佐,60,285,34.6172,131.6022
YMG002,山口県 萩,56,289,34.4077,131.3986
YMG003,山口県 生雲中,61,291,34.383,131.5999
YMG004,山口県 長門,0,0,34.3634,131.1865
YMG005,山口県 豊北,47,293,34.2907,130.9487
YMG006,山口県 豊浦,0,0,34.1487,130.9299
YMG007,山口県 美祢,53,296,34.1659,131.2065
YMG008,山口県 山口,57,300,34.0119,131.4099
YMG009,山口県 鹿野,65,295,34.2315,131.8175
YMG010,山口県 美川,67,295,34.2303,131.9819
YMG011,山口県 下関,49,300,34.0643,131.0213
YMG012,山口県 宇部,52,301,33.9943,131.2179
YMG013,山口県 防府,60,301,34.0313,131.5342
YMG014,山口県 徳山,65,299,34.0542,131.8077
YMG015,山口県 玖珂,69,298,34.0966,132.0761
YMG016,山口県 岩国,73,296,34.1703,132.1764
YMG017,山口県 柳井,72,302,33.9649,132.1011
YMG018,山口県 東和,76,304,33.9091,132.3559
YMG019,山口県 上関,71,303,33.8454,132.1204
YMGH01,山口県 防府,60,299,34.0494,131.5618
YMGH02,山口県 美祢,52,298,34.1111,131.1434
YMGH03,山口県 岩国,71,296,34.1891,132.126
YMGH04,山口県 周東,70,300,34.027,132.0626
YMGH05,山口県 美川,70,294,34.1974,131.9943
YMGH06,山口県 宇部,54,301,33.9893,131.3012
YMGH07,山口県 菊川,49,297,34.1149,131.0506
YMGH08,山口県 豊浦,46,298,34.1349,130.9323
YMGH09,山口県 田万川,63,285,34.6257,131.6681
YMGH10,山口県 むつみ,61,288,34.4837,131.6329
YMGH11,山口県 徳地,62,295,34.2091,131.6859
YMGH12,山口県 美東,56,295,34.2176,131.3597
YMGH13,山口県 長門,52,292,34.3408,131.177
YMGH14,山口県 萩,56,292,34.3979,131.3774
YMGH15,山口県 徳山,65,301,33.9725,131.8149
YMGH16,山口県 上関,71,305,33.826,132.104
YMGH17,山口県 東和,77,301,33.9291,132.4046
YMN001,山梨県 丹波山,210,257,35.7895,138.9198
YMN002,山梨県 大月,209,261,35.6133,138.9473
YMN003,山梨県 富士吉田,207,264,35.4651,138.8129
YMN004,山梨県 塩山,0,0,35.7025,138.7266
YMN005,山梨県 甲府,202,260,35.6551,138.5679
YMN006,山梨県 本栖,203,265,35.4685,138.6069
YMN007,山梨県 南部,200,269,35.279,138.4651
YMN008,山梨県 早川,0,0,35.4319,138.3321
YMN009,山梨県 六郷,200,265,35.4966,138.4628
YMN010,山梨県 須玉,199,256,35.7919,138.4182
YMN011,山梨県 芦安,199,259,35.6384,138.3836
YMNH08,山梨県 西野原,206,259,35.6895,138.734
YMNH09,山梨県 早川,197,266,35.4327,138.3325
YMNH10,山梨県 早川北,197,263,35.5351,138.3087
YMNH11,山梨県 大月,211,260,35.6247,138.9777
YMNH12,山梨県 増穂,200,262,35.5623,138.449
YMNH13,山梨県 身延,198,268,35.3509,138.4203
YMNH14,山梨県 都留南,210,263,35.5115,138.9675
YMNH15,山梨県 上九一色,203,262,35.5323,138.6045
YMNH16,山梨県 甲府2,202,258,35.7421,138.5653
YMT001,山形県 酒田,228,180,38.9142,139.8123
YMT002,山形県 新庄,238,182,38.7686,140.2965
YMT003,山形県 鶴岡,228,184,38.726,139.8023
YMT004,山形県 温海,223,187,38.6208,139.5889
YMT005,山形県 肘折,235,187,38.6079,140.1627
YMT006,山形県 尾花沢,240,188,38.6001,140.4057
YMT007,山形県 東根,239,191,38.4302,140.3902
YMT008,山形県 中村,0,0,38.3854,139.9924
YMT009,山形県 寒河江,237,193,38.3902,140.2742
YMT010,山形県 山形,239,196,38.2608,140.3484
YMT011,山形県 上山,236,198,38.1484,140.2671
YMT012,山形県 長井,232,200,38.1087,140.043
YMT013,山形県 小国,226,200,38.0631,139.7596
YMT014,山形県 下屋地,228,204,37.9193,139.8816
YMT015,山形県 米沢,235,205,37.9049,140.099
YMT016,山形県 清川,232,182,38.7906,140.0207
YMT017,山形県 新庄支所,0,0,38.7897,140.3121
YMTH01,山形県 天童,239,194,38.3841,140.3805
YMTH02,山形県 山形,237,196,38.2693,140.2583
YMTH03,山形県 南陽,235,200,38.1035,140.1553
YMTH04,山形県 上山,238,200,38.0813,140.2978
YMTH05,山形県 小国,227,203,37.9883,139.8017
YMTH06,山形県 高畠,235,203,37.9633,140.1836
YMTH07,山形県 米沢,232,205,37.896,140.0278
YMTH08,山形県 八幡,232,178,38.9701,140.0333
YMTH09,山形県 戸沢,235,184,38.7498,140.178
YMTH10,山形県 舟形,239,185,38.7107,140.3744
YMTH11,山形県 最上,243,185,38.7132,140.5544
YMTH12,山形県 立川,232,187,38.6357,140.0055
YMTH13,山形県 朝日,227,191,38.4704,139.7606
YMTH14,山形県 西川西,231,193,38.386,139.9916
YMTH15,山形県 西川東,234,192,38.4257,140.1249
