date,epicenter,lat,long,dep,magnitude
2016/01/26 00:49:50,SOUTHERN KUMAMOTO PREF,32.2207,130.4240,9.01,1.3
2016/02/15 00:27:59,SOUTHERN KUMAMOTO PREF,32.2325,130.4990,5.9,0.6
2016/02/20 02:03:20,SOUTHERN KUMAMOTO PREF,32.2008,130.4250,8.13,0.9
2016/02/22 12:56:37,SOUTHERN KUMAMOTO PREF,32.2012,130.4230,7.97,1.3
2016/02/23 01:15:59,SOUTHERN KUMAMOTO PREF,32.2315,130.4930,2.99,0.7
2016/03/06 13:18:35,SOUTHERN KUMAMOTO PREF,32.2027,130.4330,8.18,1.0
2016/03/15 20:11:31,SOUTHERN KUMAMOTO PREF,32.2300,130.4300,9.18,1.9
2016/05/10 11:10:35,SOUTHERN KUMAMOTO PREF,32.2977,130.4310,1.28,0.7
2016/05/11 15:23:09,SOUTHERN KUMAMOTO PREF,32.2365,130.4290,1.89,1.0
2016/05/11 15:52:26,SOUTHERN KUMAMOTO PREF,32.2367,130.4260,1.24,0.5
2016/05/12 16:16:29,SOUTHERN KUMAMOTO PREF,32.2265,130.4710,2.88,0.6
2016/05/14 06:15:28,SOUTHERN KUMAMOTO PREF,32.2915,130.4520,5.65,1.3
2016/05/17 18:39:55,SOUTHERN KUMAMOTO PREF,32.2825,130.4110,3.05,0.5
2016/05/20 19:03:31,SOUTHERN KUMAMOTO PREF,32.2952,130.4320,5.97,1.4
2016/05/20 20:40:11,SOUTHERN KUMAMOTO PREF,32.2903,130.4220,8.97,1.6
2016/05/25 13:19:12,SOUTHERN KUMAMOTO PREF,32.2928,130.4520,6.95,0.9
2016/05/27 00:41:09,SOUTHERN KUMAMOTO PREF,32.2478,130.4310,6.57,1.1
2016/06/10 19:58:24,SOUTHERN KUMAMOTO PREF,32.2202,130.4600,0.41,1.2
2016/06/11 19:25:55,SOUTHERN KUMAMOTO PREF,32.2180,130.4590,0,0.8
2016/06/13 12:47:38,SOUTHERN KUMAMOTO PREF,32.2383,130.4320,0.91,1.5
2016/06/13 12:50:34,SOUTHERN KUMAMOTO PREF,32.2340,130.4280,6.49,0.6
2016/06/13 13:47:55,SOUTHERN KUMAMOTO PREF,32.2367,130.4300,1.09,0.6
2016/06/17 21:14:22,SOUTHERN KUMAMOTO PREF,32.2383,130.4240,5.22,0.7
2016/06/19 02:52:40,SOUTHERN KUMAMOTO PREF,32.2467,130.4320,6.39,0.9
2016/06/21 23:41:45,SOUTHERN KUMAMOTO PREF,32.2368,130.4290,0.96,1.0
2016/06/21 23:53:02,SOUTHERN KUMAMOTO PREF,32.2392,130.4290,0,0.6
2016/06/21 23:54:26,SOUTHERN KUMAMOTO PREF,32.2368,130.4310,0.77,0.5
2016/06/22 05:08:04,SOUTHERN KUMAMOTO PREF,32.2382,130.4330,1.1,1.0
2016/07/01 14:56:32,SOUTHERN KUMAMOTO PREF,32.2888,130.4210,7.71,0.7
2016/07/01 20:58:19,SOUTHERN KUMAMOTO PREF,32.2377,130.4130,2.8,0.9
2016/07/03 07:19:29,SOUTHERN KUMAMOTO PREF,32.2227,130.4180,7.58,0.9
2016/07/17 14:07:12,SOUTHERN KUMAMOTO PREF,32.2300,130.4420,0,0.7
2016/07/20 08:52:49,SOUTHERN KUMAMOTO PREF,32.2968,130.4650,8.98,0.7
2016/07/21 19:06:39,SOUTHERN KUMAMOTO PREF,32.2950,130.4230,2.6,0.7
2016/07/28 15:13:06,SOUTHERN KUMAMOTO PREF,32.2257,130.4730,4.26,0.5
2016/07/31 07:11:39,SOUTHERN KUMAMOTO PREF,32.2168,130.4360,0,0.5
2016/08/08 19:17:30,SOUTHERN KUMAMOTO PREF,32.2790,130.4280,0,0.5
2016/08/10 10:09:53,SOUTHERN KUMAMOTO PREF,32.2822,130.4330,7.41,2.6
2016/08/13 08:40:23,SOUTHERN KUMAMOTO PREF,32.2357,130.4080,0,1.0
2016/08/20 16:23:45,SOUTHERN KUMAMOTO PREF,32.2835,130.4080,1.61,1.1
2016/08/24 11:45:34,SOUTHERN KUMAMOTO PREF,32.2602,130.4000,10.42,0.9
2016/08/25 20:02:36,SOUTHERN KUMAMOTO PREF,32.2613,130.4020,10.71,0.8
2016/08/28 00:29:31,SOUTHERN KUMAMOTO PREF,32.2385,130.4110,0.66,0.7
2016/08/30 06:50:37,SOUTHERN KUMAMOTO PREF,32.2618,130.4020,11.15,1.3
2016/09/03 04:46:15,SOUTHERN KUMAMOTO PREF,32.2023,130.4280,7.59,0.8
2016/09/13 16:59:41,SOUTHERN KUMAMOTO PREF,32.2847,130.4180,9.06,0.5
2016/09/13 18:30:52,SOUTHERN KUMAMOTO PREF,32.2863,130.4220,9.02,0.7
2016/09/13 18:32:17,SOUTHERN KUMAMOTO PREF,32.2882,130.4200,9.62,0.5
2016/09/19 22:21:41,SOUTHERN KUMAMOTO PREF,32.2023,130.4320,7.93,1.1
2016/09/27 17:58:10,SOUTHERN KUMAMOTO PREF,32.2352,130.4280,1.58,1.4
2016/10/01 20:15:42,SOUTHERN KUMAMOTO PREF,32.2428,130.5000,5.06,0.5
2016/10/27 18:15:48,SOUTHERN KUMAMOTO PREF,32.2280,130.4190,9.47,0.8
2016/10/28 23:12:39,SOUTHERN KUMAMOTO PREF,32.2035,130.4040,8.17,0.5
2016/10/31 01:19:02,SOUTHERN KUMAMOTO PREF,32.2948,130.4060,10.69,0.9
2016/11/03 21:19:55,SOUTHERN KUMAMOTO PREF,32.2952,130.4320,1.97,0.7
2016/11/10 09:36:09,SOUTHERN KUMAMOTO PREF,32.2838,130.4820,7.08,0.5
2016/11/14 16:59:59,SOUTHERN KUMAMOTO PREF,32.2668,130.4200,11.05,0.6
2016/11/24 00:25:43,SOUTHERN KUMAMOTO PREF,32.2028,130.4510,5.77,0.5
2016/11/29 12:28:43,SOUTHERN KUMAMOTO PREF,32.2852,130.4130,1.81,0.9
2016/11/30 08:31:43,SOUTHERN KUMAMOTO PREF,32.2993,130.4170,5.96,1.3
2016/12/02 18:56:50,SOUTHERN KUMAMOTO PREF,32.2353,130.4300,2.2,2.3
2016/12/02 20:03:43,SOUTHERN KUMAMOTO PREF,32.2352,130.4280,1.42,1.3
2016/12/04 23:59:30,SOUTHERN KUMAMOTO PREF,32.2528,130.4310,7.09,0.6
2016/12/05 04:33:34,SOUTHERN KUMAMOTO PREF,32.2353,130.4270,0.73,0.8
2016/12/10 07:02:47,SOUTHERN KUMAMOTO PREF,32.2833,130.4550,9.94,0.9
2016/12/12 08:05:15,SOUTHERN KUMAMOTO PREF,32.2603,130.4020,10.69,1.0
2016/12/15 02:51:32,SOUTHERN KUMAMOTO PREF,32.2015,130.4120,6.21,0.7
2016/12/15 22:53:05,SOUTHERN KUMAMOTO PREF,32.2508,130.4230,4.42,0.8
2016/12/16 19:31:12,SOUTHERN KUMAMOTO PREF,32.2363,130.4240,2.47,0.5
2016/12/18 05:03:45,SOUTHERN KUMAMOTO PREF,32.2513,130.4220,5.6,0.7
2016/12/18 05:19:54,SOUTHERN KUMAMOTO PREF,32.2533,130.4240,5.21,0.6
2016/12/18 05:21:33,SOUTHERN KUMAMOTO PREF,32.2517,130.4220,5.91,1.1
2016/12/22 10:02:06,SOUTHERN KUMAMOTO PREF,32.2348,130.4230,2.99,0.7
2016/12/26 01:57:13,SOUTHERN KUMAMOTO PREF,32.2300,130.4180,9.37,0.7
2016/12/27 12:39:05,SOUTHERN KUMAMOTO PREF,32.2707,130.4190,9.83,1.4
2016/12/28 10:59:15,SOUTHERN KUMAMOTO PREF,32.2698,130.4220,9.9,0.7
2017/01/07 11:01:08,SOUTHERN KUMAMOTO PREF,32.2702,130.4190,11.22,0.6
2017/01/21 10:35:46,SOUTHERN KUMAMOTO PREF,32.2710,130.4040,7.88,1.3
2017/02/04 08:59:58,SOUTHERN KUMAMOTO PREF,32.2782,130.4700,9.68,0.5
2017/02/04 19:48:24,SOUTHERN KUMAMOTO PREF,32.2668,130.4030,8.72,0.7
2017/02/13 18:04:15,SOUTHERN KUMAMOTO PREF,32.2477,130.4510,9.09,2.1
2017/02/24 14:39:34,SOUTHERN KUMAMOTO PREF,32.2477,130.4340,5.62,1.4
2017/02/28 00:33:08,SOUTHERN KUMAMOTO PREF,32.2505,130.4320,1.75,0.7
2017/03/06 19:51:59,SOUTHERN KUMAMOTO PREF,32.2462,130.4730,3.77,0.6
2017/03/06 23:12:37,SOUTHERN KUMAMOTO PREF,32.2743,130.4270,6.5,0.9
2017/03/10 20:27:07,SOUTHERN KUMAMOTO PREF,32.2675,130.4050,8.67,0.6
2017/03/12 17:10:59,SOUTHERN KUMAMOTO PREF,32.2665,130.4020,8.72,0.9
2017/03/29 23:02:51,SOUTHERN KUMAMOTO PREF,32.2083,130.4020,3.55,0.8
2017/04/13 02:58:48,SOUTHERN KUMAMOTO PREF,32.2747,130.4990,4.55,0.5
2017/04/14 00:51:42,SOUTHERN KUMAMOTO PREF,32.2687,130.4200,10.36,0.5
2017/04/14 05:15:13,SOUTHERN KUMAMOTO PREF,32.2742,130.4990,5.94,0.9
2017/04/16 12:55:03,SOUTHERN KUMAMOTO PREF,32.2583,130.4010,10.54,0.5
2017/04/30 16:10:48,SOUTHERN KUMAMOTO PREF,32.2233,130.4080,5.98,0.5
2017/05/09 22:16:15,SOUTHERN KUMAMOTO PREF,32.2330,130.4010,2.05,0.5
2017/06/09 13:57:17,SOUTHERN KUMAMOTO PREF,32.2488,130.4260,3.42,0.6
2017/06/14 19:02:28,SOUTHERN KUMAMOTO PREF,32.2162,130.4290,7.81,0.6
2017/06/26 21:25:23,SOUTHERN KUMAMOTO PREF,32.2022,130.4200,1.5,0.6
2017/06/29 18:56:23,SOUTHERN KUMAMOTO PREF,32.2422,130.4420,7.35,0.8
2017/07/15 10:29:59,SOUTHERN KUMAMOTO PREF,32.2445,130.4160,9.64,1.6
2017/07/26 05:53:52,SOUTHERN KUMAMOTO PREF,32.2475,130.4510,9.2,2.5
2017/07/26 05:56:07,SOUTHERN KUMAMOTO PREF,32.2442,130.4470,8.07,1.2
2017/07/27 11:05:34,SOUTHERN KUMAMOTO PREF,32.2425,130.4500,7.89,1.0
2017/07/29 22:57:19,SOUTHERN KUMAMOTO PREF,32.2710,130.4010,7.52,2.7
2017/08/01 21:54:50,SOUTHERN KUMAMOTO PREF,32.2727,130.4000,0.99,0.8
2017/08/02 05:24:30,SOUTHERN KUMAMOTO PREF,32.2690,130.4040,9.93,1.3
2017/08/08 07:30:52,SOUTHERN KUMAMOTO PREF,32.2668,130.4020,8.37,0.8
2017/08/09 06:10:04,SOUTHERN KUMAMOTO PREF,32.2642,130.4020,9.13,1.0
2017/08/10 06:20:41,SOUTHERN KUMAMOTO PREF,32.2673,130.4040,8.73,0.9
2017/08/14 11:45:40,SOUTHERN KUMAMOTO PREF,32.2195,130.4230,10.29,0.9
2017/08/14 14:38:24,SOUTHERN KUMAMOTO PREF,32.2177,130.4230,9.32,0.5
2017/08/15 17:39:05,SOUTHERN KUMAMOTO PREF,32.2665,130.4040,8.74,0.7
2017/08/17 19:07:57,SOUTHERN KUMAMOTO PREF,32.2653,130.4030,9.56,0.9
2017/09/09 13:52:25,SOUTHERN KUMAMOTO PREF,32.2642,130.5000,7.15,0.5
2017/09/21 13:45:27,SOUTHERN KUMAMOTO PREF,32.2392,130.4400,1.55,1.2
2017/09/22 04:56:57,SOUTHERN KUMAMOTO PREF,32.2757,130.4850,7.17,0.6
2017/09/27 21:24:20,SOUTHERN KUMAMOTO PREF,32.2952,130.4560,8.08,0.5
2017/10/10 07:55:04,SOUTHERN KUMAMOTO PREF,32.2032,130.4000,8.97,1.4
2017/10/13 21:14:55,SOUTHERN KUMAMOTO PREF,32.2680,130.4050,9.14,1.3
2017/10/20 16:52:31,SOUTHERN KUMAMOTO PREF,32.2965,130.4320,12.28,0.7
2017/10/24 06:25:58,SOUTHERN KUMAMOTO PREF,32.2163,130.4230,10.52,0.8
2017/11/08 14:36:09,SOUTHERN KUMAMOTO PREF,32.2355,130.4340,1.36,0.6
2017/11/13 22:38:01,SOUTHERN KUMAMOTO PREF,32.2667,130.4030,8.09,0.9
2017/11/18 03:36:50,SOUTHERN KUMAMOTO PREF,32.2447,130.4170,8.59,0.5
2017/11/20 23:12:40,SOUTHERN KUMAMOTO PREF,32.2648,130.4970,7.56,0.5
2017/11/23 18:09:44,SOUTHERN KUMAMOTO PREF,32.2768,130.4330,8.6,1.2
2017/11/23 18:10:24,SOUTHERN KUMAMOTO PREF,32.2762,130.4330,8.41,1.0
2017/11/24 11:27:56,AMAKUSA REGION,32.2542,130.4000,10.13,0.9
2017/11/26 01:58:20,SOUTHERN KUMAMOTO PREF,32.2872,130.4590,9.99,1.5
2017/12/01 03:56:34,SOUTHERN KUMAMOTO PREF,32.2668,130.4040,8.8,0.7
2017/12/18 12:14:38,SOUTHERN KUMAMOTO PREF,32.2208,130.4760,7.06,0.6
2018/01/05 11:29:27,SOUTHERN KUMAMOTO PREF,32.2678,130.4030,7.56,0.6
2018/01/20 04:46:51,SOUTHERN KUMAMOTO PREF,32.2113,130.4740,6.69,0.6
2018/01/22 07:33:09,SOUTHERN KUMAMOTO PREF,32.2937,130.4450,8.94,0.5
2018/02/05 10:58:35,SOUTHERN KUMAMOTO PREF,32.2312,130.4570,10.6,0.5
2018/02/09 21:39:30,AMAKUSA REGION,32.2607,130.4000,8.4,0.8
2018/02/11 02:57:46,SOUTHERN KUMAMOTO PREF,32.2313,130.4190,8.7,0.8
2018/02/14 07:52:04,SOUTHERN KUMAMOTO PREF,32.2797,130.4700,7.83,0.7
2018/02/14 09:29:31,SOUTHERN KUMAMOTO PREF,32.2588,130.4860,5.72,0.6
2018/02/14 17:56:18,SOUTHERN KUMAMOTO PREF,32.2598,130.4890,6.95,1.3
2018/02/25 16:49:46,SOUTHERN KUMAMOTO PREF,32.2703,130.4080,9,0.9
2018/03/04 15:15:41,SOUTHERN KUMAMOTO PREF,32.2183,130.4320,9.23,1.6
2018/03/07 00:11:27,SOUTHERN KUMAMOTO PREF,32.2092,130.4300,5.45,0.5
2018/03/10 20:02:10,SOUTHERN KUMAMOTO PREF,32.2990,130.4180,10.5,1.1
2018/03/16 21:31:58,SOUTHERN KUMAMOTO PREF,32.2637,130.4000,9.69,2.0
2018/03/18 13:42:49,SOUTHERN KUMAMOTO PREF,32.2608,130.4020,9.15,0.7
2018/03/21 18:27:14,SOUTHERN KUMAMOTO PREF,32.2645,130.4040,7.29,0.5
2018/03/28 03:03:10,SOUTHERN KUMAMOTO PREF,32.2760,130.4990,6.19,0.8
2018/04/21 14:55:59,AMAKUSA REGION,32.2557,130.4000,10.82,1.8
2018/05/01 12:43:53,SOUTHERN KUMAMOTO PREF,32.2687,130.4070,8.44,0.7
2018/05/06 23:53:23,SOUTHERN KUMAMOTO PREF,32.2735,130.4040,8.16,0.6
2018/05/09 07:52:05,SOUTHERN KUMAMOTO PREF,32.2695,130.4950,3.49,0.6
2018/05/19 11:35:46,SOUTHERN KUMAMOTO PREF,32.2353,130.4270,8.97,0.9
2018/05/21 12:41:34,SOUTHERN KUMAMOTO PREF,32.2922,130.4060,8.6,0.7
2018/05/24 16:48:55,SOUTHERN KUMAMOTO PREF,32.2920,130.4440,9.36,1.6
2018/05/27 21:10:36,SOUTHERN KUMAMOTO PREF,32.2358,130.4290,8.7,0.6
2018/06/01 15:08:50,SOUTHERN KUMAMOTO PREF,32.2638,130.4020,9,1.5
2018/06/08 00:06:53,SOUTHERN KUMAMOTO PREF,32.2395,130.4110,1.45,0.7
2018/06/16 06:27:27,SOUTHERN KUMAMOTO PREF,32.2660,130.4060,8.84,0.7
2018/06/16 10:57:13,SOUTHERN KUMAMOTO PREF,32.2633,130.4020,8.7,1.2
2018/06/19 00:28:01,SOUTHERN KUMAMOTO PREF,32.2353,130.4280,4.48,0.5
2018/06/19 03:31:13,SOUTHERN KUMAMOTO PREF,32.2355,130.4260,6.09,1.1
2018/06/19 09:53:51,SOUTHERN KUMAMOTO PREF,32.2370,130.4190,2.3,0.8
2018/06/19 12:56:37,SOUTHERN KUMAMOTO PREF,32.2337,130.4110,13.45,0.5
2018/07/07 20:14:31,SOUTHERN KUMAMOTO PREF,32.2582,130.4090,10.27,0.6
2018/07/14 07:34:42,SOUTHERN KUMAMOTO PREF,32.2363,130.4270,2.9,1.7
2018/07/15 14:43:35,SOUTHERN KUMAMOTO PREF,32.2385,130.4240,3.08,0.9
2018/07/30 22:24:25,SOUTHERN KUMAMOTO PREF,32.2667,130.4980,8.16,0.6
2018/08/04 13:45:50,SOUTHERN KUMAMOTO PREF,32.2693,130.4840,7.23,0.7
2018/08/16 19:47:00,SOUTHERN KUMAMOTO PREF,32.2690,130.4960,6.48,0.6
2018/08/19 03:13:41,SOUTHERN KUMAMOTO PREF,32.2107,130.4080,8,0.5
2018/08/20 23:34:00,SOUTHERN KUMAMOTO PREF,32.2395,130.4110,1,1.2
2018/08/21 18:42:28,SOUTHERN KUMAMOTO PREF,32.2690,130.4970,7.13,1.3
2018/08/23 19:25:01,SOUTHERN KUMAMOTO PREF,32.2015,130.4280,8.23,0.6
2018/08/27 22:16:56,SOUTHERN KUMAMOTO PREF,32.2432,130.4460,7.67,1.0
2018/08/28 03:09:33,SOUTHERN KUMAMOTO PREF,32.2427,130.4470,7.7,0.6
2018/09/01 20:23:39,SOUTHERN KUMAMOTO PREF,32.2173,130.4990,9.98,0.8
2018/09/01 22:12:38,SOUTHERN KUMAMOTO PREF,32.2600,130.4920,8.48,0.5
2018/09/03 00:02:11,SOUTHERN KUMAMOTO PREF,32.2538,130.4210,9.73,1.0
2018/09/21 17:50:51,SOUTHERN KUMAMOTO PREF,32.2558,130.4850,8.16,0.6
2018/10/05 12:59:52,SOUTHERN KUMAMOTO PREF,32.2423,130.5000,0.95,0.6
2018/11/02 05:22:43,SOUTHERN KUMAMOTO PREF,32.2345,130.4240,8.37,0.7
2018/11/18 03:46:37,SOUTHERN KUMAMOTO PREF,32.2037,130.4380,7.72,0.8
2018/11/25 02:57:32,SOUTHERN KUMAMOTO PREF,32.2637,130.4690,10.4,1.0
2019/01/03 21:35:59,SOUTHERN KUMAMOTO PREF,32.2245,130.4280,7.37,1.0
2019/01/07 20:50:05,SOUTHERN KUMAMOTO PREF,32.2865,130.4450,11.11,1.8
2019/01/09 22:10:21,SOUTHERN KUMAMOTO PREF,32.2095,130.4390,4.06,0.5
2019/01/21 04:12:34,SOUTHERN KUMAMOTO PREF,32.2123,130.4400,8.26,0.8
2019/01/27 16:27:26,SOUTHERN KUMAMOTO PREF,32.2742,130.4120,10.04,0.8
2019/02/16 00:06:48,SOUTHERN KUMAMOTO PREF,32.2735,130.4100,9.43,1.6
2019/02/21 01:48:51,SOUTHERN KUMAMOTO PREF,32.2698,130.4080,10.21,1.9
2019/02/26 15:14:31,SOUTHERN KUMAMOTO PREF,32.2822,130.4300,7.76,0.8
2019/03/04 06:43:15,SOUTHERN KUMAMOTO PREF,32.2703,130.4180,8.39,0.6
2019/03/23 16:09:36,SOUTHERN KUMAMOTO PREF,32.2675,130.4200,7.81,0.6
2019/03/25 13:53:35,SOUTHERN KUMAMOTO PREF,32.2683,130.4170,8.67,1.1
2019/04/30 22:59:09,SOUTHERN KUMAMOTO PREF,32.2468,130.4240,8.35,1.3
2019/04/30 23:23:12,SOUTHERN KUMAMOTO PREF,32.2468,130.4250,8.23,0.9
2019/05/03 10:05:44,SOUTHERN KUMAMOTO PREF,32.2243,130.4150,7.98,0.6
2019/05/04 21:55:33,SOUTHERN KUMAMOTO PREF,32.2232,130.4170,8.5,0.5
2019/05/06 22:22:34,SOUTHERN KUMAMOTO PREF,32.2232,130.4210,8.18,0.5
2019/05/24 01:17:22,SOUTHERN KUMAMOTO PREF,32.2112,130.4790,8.26,0.7
2019/05/28 21:25:35,SOUTHERN KUMAMOTO PREF,32.2473,130.4240,8.18,1.3
2019/05/29 03:05:18,SOUTHERN KUMAMOTO PREF,32.2462,130.4250,8.88,1.1
2019/06/24 19:47:24,SOUTHERN KUMAMOTO PREF,32.2677,130.4060,10.82,1.6
2019/06/29 09:24:43,SOUTHERN KUMAMOTO PREF,32.2577,130.5000,3.65,0.5
2019/07/01 03:55:52,SOUTHERN KUMAMOTO PREF,32.2040,130.4250,3.33,0.6
2019/07/01 05:10:04,SOUTHERN KUMAMOTO PREF,32.2032,130.4240,4.06,0.8
2019/07/03 08:11:48,SOUTHERN KUMAMOTO PREF,32.2462,130.5000,2.95,0.8
2019/07/03 09:42:07,SOUTHERN KUMAMOTO PREF,32.2498,130.4990,2.63,0.9
2019/07/03 15:01:37,SOUTHERN KUMAMOTO PREF,32.2527,130.4980,1.59,1.6
2019/07/03 15:07:37,SOUTHERN KUMAMOTO PREF,32.2522,130.5000,3.51,1.6
2019/07/03 20:52:34,SOUTHERN KUMAMOTO PREF,32.2368,130.4970,15.74,0.5
2019/07/03 21:45:04,SOUTHERN KUMAMOTO PREF,32.2498,130.5000,2.03,0.5
2019/07/04 08:21:53,SOUTHERN KUMAMOTO PREF,32.2380,130.4880,0,1.2
2019/07/04 08:22:12,SOUTHERN KUMAMOTO PREF,32.2527,130.5000,3.74,1.0
2019/07/04 08:35:53,SOUTHERN KUMAMOTO PREF,32.2055,130.4180,3.85,0.7
2019/07/04 10:56:18,SOUTHERN KUMAMOTO PREF,32.2567,130.4990,3.11,1.5
2019/07/05 20:03:11,SOUTHERN KUMAMOTO PREF,32.2493,130.4970,2.94,0.6
2019/07/05 23:55:19,SOUTHERN KUMAMOTO PREF,32.2500,130.5000,2.89,0.8
2019/07/07 23:10:10,SOUTHERN KUMAMOTO PREF,32.2517,130.4990,5.03,1.1
2019/07/08 02:06:17,SOUTHERN KUMAMOTO PREF,32.2555,130.5000,5.1,1.6
2019/07/09 10:22:43,SOUTHERN KUMAMOTO PREF,32.2508,130.4990,5.28,0.7
2019/07/09 12:56:14,SOUTHERN KUMAMOTO PREF,32.2530,130.4990,4.08,0.9
2019/07/09 12:59:39,SOUTHERN KUMAMOTO PREF,32.2523,130.4960,4.87,0.8
2019/07/09 13:38:51,SOUTHERN KUMAMOTO PREF,32.2522,130.4950,4.28,1.2
2019/07/11 17:30:18,SOUTHERN KUMAMOTO PREF,32.2495,130.4960,3.76,0.5
2019/07/11 18:48:21,SOUTHERN KUMAMOTO PREF,32.2510,130.4970,4.39,1.2
2019/07/11 20:31:52,SOUTHERN KUMAMOTO PREF,32.2058,130.4210,5.16,1.9
2019/07/11 20:37:31,SOUTHERN KUMAMOTO PREF,32.2483,130.4970,5.37,0.5
2019/07/12 14:49:55,SOUTHERN KUMAMOTO PREF,32.2518,130.4970,4.75,1.6
2019/07/12 14:52:22,SOUTHERN KUMAMOTO PREF,32.2528,130.4970,4.74,1.3
2019/07/13 06:07:39,SOUTHERN KUMAMOTO PREF,32.2515,130.4990,5.07,1.3
2019/07/14 05:47:30,SOUTHERN KUMAMOTO PREF,32.2520,130.4960,4.51,1.7
2019/07/14 06:18:49,SOUTHERN KUMAMOTO PREF,32.2517,130.4960,5.06,1.2
2019/07/14 06:25:33,SOUTHERN KUMAMOTO PREF,32.2382,130.4710,12.07,0.7
2019/07/14 14:41:20,SOUTHERN KUMAMOTO PREF,32.2613,130.4990,4.63,0.8
2019/07/18 00:10:56,SOUTHERN KUMAMOTO PREF,32.2048,130.4220,4.85,1.2
2019/07/18 02:08:54,SOUTHERN KUMAMOTO PREF,32.2078,130.4230,3.72,1.0
2019/07/18 18:26:43,SOUTHERN KUMAMOTO PREF,32.2527,130.4990,4.48,1.5
2019/07/18 20:51:24,SOUTHERN KUMAMOTO PREF,32.2568,130.5000,3.98,1.6
2019/07/23 01:19:42,SOUTHERN KUMAMOTO PREF,32.2528,130.4980,3.64,0.9
2019/07/23 15:18:51,SOUTHERN KUMAMOTO PREF,32.2448,130.5000,6.05,1.0
2019/07/28 12:09:55,SOUTHERN KUMAMOTO PREF,32.2533,130.4990,4.91,0.9
2019/08/10 19:02:23,SOUTHERN KUMAMOTO PREF,32.2068,130.4240,4.22,1.9
2019/08/10 20:00:17,SOUTHERN KUMAMOTO PREF,32.2048,130.4170,4.39,0.6
2019/08/11 07:24:42,SOUTHERN KUMAMOTO PREF,32.2045,130.4180,3.9,0.8
2019/08/16 01:58:12,SOUTHERN KUMAMOTO PREF,32.2112,130.4430,8.71,0.6
2019/08/16 15:28:23,SOUTHERN KUMAMOTO PREF,32.2045,130.4200,3.22,0.7
2019/08/24 19:51:26,SOUTHERN KUMAMOTO PREF,32.2018,130.4200,3.01,0.8
2019/08/25 18:14:23,SOUTHERN KUMAMOTO PREF,32.2032,130.4210,3.52,1.0
2019/09/08 13:09:58,SOUTHERN KUMAMOTO PREF,32.2620,130.4990,5.81,0.5
2019/09/12 12:24:40,SOUTHERN KUMAMOTO PREF,32.2118,130.4420,8.14,1.4
2019/09/14 16:10:21,SOUTHERN KUMAMOTO PREF,32.2735,130.4080,8.36,0.7
2019/09/14 19:01:36,SOUTHERN KUMAMOTO PREF,32.2832,130.4100,1.04,0.5
2019/09/15 02:15:01,SOUTHERN KUMAMOTO PREF,32.2062,130.4300,8.98,0.6
2019/09/21 16:41:25,SOUTHERN KUMAMOTO PREF,32.2727,130.4060,8.42,2.2
2019/09/21 18:19:36,SOUTHERN KUMAMOTO PREF,32.2717,130.4050,6.33,0.7
2019/09/22 15:10:28,SOUTHERN KUMAMOTO PREF,32.2732,130.4060,6.97,1.2
2019/09/28 17:15:46,SOUTHERN KUMAMOTO PREF,32.2297,130.4230,8.36,1.3
2019/10/02 09:29:57,SOUTHERN KUMAMOTO PREF,32.2087,130.4190,5.24,0.7
2019/10/08 07:48:28,SOUTHERN KUMAMOTO PREF,32.2575,130.5000,3.15,0.5
2019/10/14 06:41:01,SOUTHERN KUMAMOTO PREF,32.2100,130.4150,3.65,0.6
2019/10/14 13:08:40,SOUTHERN KUMAMOTO PREF,32.2140,130.4170,10.56,0.6
2019/10/16 20:08:32,SOUTHERN KUMAMOTO PREF,32.2817,130.4170,9.02,0.8
2019/11/02 18:12:36,SOUTHERN KUMAMOTO PREF,32.2650,130.4040,10.49,1.2
2019/11/15 20:59:59,SOUTHERN KUMAMOTO PREF,32.2715,130.4990,6.84,1.0
2019/11/21 11:18:38,SOUTHERN KUMAMOTO PREF,32.2043,130.4150,6.36,0.5
2019/11/25 23:17:41,SOUTHERN KUMAMOTO PREF,32.2052,130.4280,9.34,0.5
2019/11/29 04:32:41,SOUTHERN KUMAMOTO PREF,32.2638,130.4780,8.11,2.4
2019/12/17 04:28:18,SOUTHERN KUMAMOTO PREF,32.2840,130.4700,7.02,0.7
2019/12/26 01:12:01,SOUTHERN KUMAMOTO PREF,32.2235,130.4190,1.69,0.6
2019/12/31 21:42:51,SOUTHERN KUMAMOTO PREF,32.2482,130.4810,8.69,0.5
2020/01/04 03:28:37,SOUTHERN KUMAMOTO PREF,32.2228,130.4460,6.63,1.8
2020/01/27 21:58:46,SOUTHERN KUMAMOTO PREF,32.2645,130.4000,7.61,0.7
2020/02/02 23:41:19,SOUTHERN KUMAMOTO PREF,32.2158,130.4250,6.11,0.6
2020/02/27 13:38:52,SOUTHERN KUMAMOTO PREF,32.2883,130.4150,10.86,0.7
2020/03/08 05:28:43,SOUTHERN KUMAMOTO PREF,32.2430,130.4810,8.6,0.8
2020/03/08 22:23:31,SOUTHERN KUMAMOTO PREF,32.2918,130.4650,1.52,1.2
2020/04/02 03:01:39,SOUTHERN KUMAMOTO PREF,32.2882,130.4490,9.53,0.6
2020/04/17 00:09:07,SOUTHERN KUMAMOTO PREF,32.2340,130.4290,1.75,0.7
2020/04/23 14:43:33,SOUTHERN KUMAMOTO PREF,32.2898,130.4550,8.72,0.7
2020/05/09 11:54:14,SOUTHERN KUMAMOTO PREF,32.2237,130.4000,5.3,0.8
2020/05/14 01:26:10,SOUTHERN KUMAMOTO PREF,32.2822,130.4060,1.35,0.9
2020/05/16 05:27:36,SOUTHERN KUMAMOTO PREF,32.2653,130.4950,6.81,0.6
2020/05/28 05:20:11,SOUTHERN KUMAMOTO PREF,32.2102,130.4800,8.71,1.2
2020/05/28 06:18:19,SOUTHERN KUMAMOTO PREF,32.2085,130.4790,8.29,0.9
2020/05/28 13:41:49,SOUTHERN KUMAMOTO PREF,32.2098,130.4790,8.7,1.5
2020/05/30 18:41:42,SOUTHERN KUMAMOTO PREF,32.2103,130.4410,8.2,0.8
2020/05/31 23:58:05,SOUTHERN KUMAMOTO PREF,32.2362,130.4350,4.06,0.8
2020/06/02 02:37:16,SOUTHERN KUMAMOTO PREF,32.2230,130.4480,10.31,0.5
2020/06/08 02:09:32,SOUTHERN KUMAMOTO PREF,32.2080,130.4770,8.35,0.5
2020/06/12 07:31:55,SOUTHERN KUMAMOTO PREF,32.2333,130.4260,7.03,0.6
2020/07/27 04:02:42,SOUTHERN KUMAMOTO PREF,32.2212,130.4010,10.04,0.6
2020/08/01 20:16:58,SOUTHERN KUMAMOTO PREF,32.2412,130.4780,8.82,0.8
2020/08/03 12:12:24,SOUTHERN KUMAMOTO PREF,32.2490,130.4300,6.09,0.7
2020/08/04 20:48:28,SOUTHERN KUMAMOTO PREF,32.2492,130.4310,5.36,0.5
2020/08/05 16:40:53,SOUTHERN KUMAMOTO PREF,32.2488,130.4300,3.28,0.6
2020/08/21 09:13:43,SOUTHERN KUMAMOTO PREF,32.2373,130.4320,10.69,0.5
2020/08/31 08:08:55,SOUTHERN KUMAMOTO PREF,32.2927,130.4020,7.46,1.0
2020/08/31 23:10:38,SOUTHERN KUMAMOTO PREF,32.2732,130.4110,9.34,0.5
2020/09/13 23:27:26,SOUTHERN KUMAMOTO PREF,32.2455,130.4280,4.61,0.8
2020/09/14 01:00:27,SOUTHERN KUMAMOTO PREF,32.2453,130.4280,5.62,1.2
2020/10/28 10:20:28,SOUTHERN KUMAMOTO PREF,32.2498,130.4640,8.26,0.5
2020/10/28 13:29:05,SOUTHERN KUMAMOTO PREF,32.2535,130.4670,9.58,1.1
2020/10/28 17:29:49,SOUTHERN KUMAMOTO PREF,32.2567,130.4710,10.4,0.5
2020/10/29 08:53:03,SOUTHERN KUMAMOTO PREF,32.2553,130.4640,9.32,0.9
2020/11/02 20:06:41,SOUTHERN KUMAMOTO PREF,32.2460,130.4280,5.95,0.5
2020/11/04 21:31:12,SOUTHERN KUMAMOTO PREF,32.2713,130.4830,7.04,1.4
2020/11/06 18:52:45,SOUTHERN KUMAMOTO PREF,32.2255,130.4600,9.5,0.5
2020/11/09 03:55:42,SOUTHERN KUMAMOTO PREF,32.2747,130.4860,7.37,0.7
2020/11/13 20:27:00,SOUTHERN KUMAMOTO PREF,32.2562,130.4650,9.93,0.5
2020/11/19 10:01:12,SOUTHERN KUMAMOTO PREF,32.2938,130.4050,8.45,1.1
2020/11/29 13:01:08,SOUTHERN KUMAMOTO PREF,32.2238,130.4580,7.96,0.7
2020/12/01 22:58:23,SOUTHERN KUMAMOTO PREF,32.2742,130.4130,8.12,1.8
2020/12/09 03:43:49,SOUTHERN KUMAMOTO PREF,32.2130,130.4230,2.96,0.5
2020/12/17 01:26:58,SOUTHERN KUMAMOTO PREF,32.2552,130.4640,10.12,0.6
2021/01/12 05:45:16,SOUTHERN KUMAMOTO PREF,32.2162,130.4860,3.96,0.6
2021/01/19 08:18:41,SOUTHERN KUMAMOTO PREF,32.2950,130.4230,8.17,0.5
2021/02/21 02:50:46,SOUTHERN KUMAMOTO PREF,32.2817,130.4240,9.53,0.5
2021/04/01 20:00:58,SOUTHERN KUMAMOTO PREF,32.2762,130.4090,10.49,0.6
2021/04/20 22:41:11,SOUTHERN KUMAMOTO PREF,32.2248,130.4620,8.4,0.8
2021/05/21 20:56:45,SOUTHERN KUMAMOTO PREF,32.2463,130.4360,5.68,0.8
2021/05/22 16:09:39,SOUTHERN KUMAMOTO PREF,32.2462,130.4390,5.93,0.5
2021/05/24 20:49:57,SOUTHERN KUMAMOTO PREF,32.2340,130.4240,5.82,0.7
2021/06/08 16:32:57,SOUTHERN KUMAMOTO PREF,32.2163,130.4290,9.72,1.0
2021/06/28 22:13:08,SOUTHERN KUMAMOTO PREF,32.2515,130.4240,3.57,0.8
2021/06/30 13:04:28,SOUTHERN KUMAMOTO PREF,32.2387,130.4390,5.58,0.6
2021/07/20 14:10:08,SOUTHERN KUMAMOTO PREF,32.2158,130.4440,9.44,0.9
2021/07/28 21:21:48,SOUTHERN KUMAMOTO PREF,32.2563,130.4670,10.22,0.7
2021/07/29 00:13:58,SOUTHERN KUMAMOTO PREF,32.2198,130.4280,9.18,1.3
2021/08/16 06:43:52,SOUTHERN KUMAMOTO PREF,32.2548,130.4950,7.11,1.2
2021/09/22 16:54:14,SOUTHERN KUMAMOTO PREF,32.2913,130.4050,9.65,0.9
2021/09/23 04:24:28,SOUTHERN KUMAMOTO PREF,32.2183,130.4600,9.57,0.6
2021/10/02 08:30:46,SOUTHERN KUMAMOTO PREF,32.2375,130.4820,9.71,1.2
2021/10/08 07:54:52,SOUTHERN KUMAMOTO PREF,32.2188,130.4250,8.67,0.7
2021/10/11 12:38:23,SOUTHERN KUMAMOTO PREF,32.2132,130.4370,10.37,0.7
2021/11/03 09:06:05,SOUTHERN KUMAMOTO PREF,32.2282,130.4390,0.35,0.8
2021/12/02 00:41:20,SOUTHERN KUMAMOTO PREF,32.2543,130.4690,8.78,0.6
2021/12/21 21:39:08,SOUTHERN KUMAMOTO PREF,32.2802,130.4220,9.21,1.2
2022/01/01 17:44:38,SOUTHERN KUMAMOTO PREF,32.2810,130.4160,8.22,0.5
2022/01/14 21:08:07,SOUTHERN KUMAMOTO PREF,32.2348,130.4770,2.57,1.1
2022/01/16 16:17:07,SOUTHERN KUMAMOTO PREF,32.2570,130.4730,9.84,0.5
2022/02/12 01:15:14,SOUTHERN KUMAMOTO PREF,32.2497,130.4070,10.46,0.9
2022/02/12 01:26:54,SOUTHERN KUMAMOTO PREF,32.2157,130.4440,8,0.9
2022/02/25 02:18:16,SOUTHERN KUMAMOTO PREF,32.2685,130.4030,8.5,1.2
2022/02/28 15:36:26,SOUTHERN KUMAMOTO PREF,32.2943,130.4140,7.34,1.1
2022/03/26 00:48:25,SOUTHERN KUMAMOTO PREF,32.2172,130.4550,6.99,0.5
2022/04/03 17:50:31,SOUTHERN KUMAMOTO PREF,32.2147,130.4330,9.69,0.6
2022/04/05 02:41:39,SOUTHERN KUMAMOTO PREF,32.2718,130.4020,7.03,0.5
2022/05/11 12:36:53,SOUTHERN KUMAMOTO PREF,32.2168,130.4230,8.69,0.9
2022/05/29 07:01:33,SOUTHERN KUMAMOTO PREF,32.2067,130.4230,6.54,0.5
2022/05/30 11:07:08,SOUTHERN KUMAMOTO PREF,32.2170,130.4240,8.7,1.5
2022/06/17 00:05:02,SOUTHERN KUMAMOTO PREF,32.2178,130.4520,8.79,0.7
2022/06/18 21:55:44,SOUTHERN KUMAMOTO PREF,32.2957,130.4360,7.54,0.5
2022/07/01 06:00:50,SOUTHERN KUMAMOTO PREF,32.2032,130.4230,6.09,0.6
2022/07/17 02:36:46,SOUTHERN KUMAMOTO PREF,32.2795,130.4240,8.53,0.6
2022/07/19 20:21:39,SOUTHERN KUMAMOTO PREF,32.2987,130.4090,12.73,0.6
2022/08/11 03:25:42,SOUTHERN KUMAMOTO PREF,32.2167,130.4230,9.17,0.9
2022/08/16 05:40:40,SOUTHERN KUMAMOTO PREF,32.2160,130.4260,8.74,0.8
2022/08/21 10:49:10,SOUTHERN KUMAMOTO PREF,32.2138,130.4300,9,1.1
2022/08/29 13:14:05,SOUTHERN KUMAMOTO PREF,32.2137,130.4330,9.33,0.9
2022/09/13 14:37:16,SOUTHERN KUMAMOTO PREF,32.2620,130.5000,7.64,1.3
2022/09/18 00:21:39,SOUTHERN KUMAMOTO PREF,32.2882,130.4050,0,0.7
2022/09/27 05:59:36,SOUTHERN KUMAMOTO PREF,32.2082,130.4170,0.95,0.5
2022/10/04 00:35:35,SOUTHERN KUMAMOTO PREF,32.2193,130.4550,8.03,0.5
2022/10/11 00:38:15,SOUTHERN KUMAMOTO PREF,32.2235,130.4200,10.05,0.6
2022/11/16 07:32:04,SOUTHERN KUMAMOTO PREF,32.2977,130.4890,9.7,1.3
2022/11/22 14:39:35,SOUTHERN KUMAMOTO PREF,32.2187,130.4200,6.66,0.8
2022/11/27 16:04:04,SOUTHERN KUMAMOTO PREF,32.2805,130.4070,5.52,1.8
2022/11/28 17:24:40,SOUTHERN KUMAMOTO PREF,32.2793,130.4080,2.97,1.4
2022/12/01 01:53:57,SOUTHERN KUMAMOTO PREF,32.2812,130.4100,3.1,0.6
2022/12/05 20:45:09,SOUTHERN KUMAMOTO PREF,32.2640,130.4990,6.88,1.5
2022/12/13 20:01:45,SOUTHERN KUMAMOTO PREF,32.2187,130.4300,10.48,0.9
2022/12/14 12:53:02,SOUTHERN KUMAMOTO PREF,32.2185,130.4460,8.79,0.9
2022/12/18 10:30:31,SOUTHERN KUMAMOTO PREF,32.2588,130.4790,8.11,0.7
2022/12/18 13:50:51,SOUTHERN KUMAMOTO PREF,32.2583,130.4770,8.28,0.7
2022/12/18 14:17:53,SOUTHERN KUMAMOTO PREF,32.2720,130.4130,10.72,0.8
2022/12/19 02:19:49,SOUTHERN KUMAMOTO PREF,32.2535,130.4750,7.32,0.6
2022/12/19 02:42:53,SOUTHERN KUMAMOTO PREF,32.2633,130.4310,10.1,0.7
2022/12/30 05:54:59,SOUTHERN KUMAMOTO PREF,32.2145,130.4290,9.21,1.1
2022/12/31 22:09:29,SOUTHERN KUMAMOTO PREF,32.2167,130.4450,8.45,1.1
2023/01/04 17:50:04,SOUTHERN KUMAMOTO PREF,32.2897,130.4310,9.2,0.9
2023/01/04 17:50:04,SOUTHERN KUMAMOTO PREF,32.2897,130.4310,9.2,0.9
2023/01/11 09:34:33,SOUTHERN KUMAMOTO PREF,32.2163,130.4230,9.04,0.9
2023/01/18 23:34:17,SOUTHERN KUMAMOTO PREF,32.2170,130.4430,8.89,0.5
2023/02/08 23:20:17,SOUTHERN KUMAMOTO PREF,32.2810,130.4070,4,1.5
2023/02/10 20:55:27,SOUTHERN KUMAMOTO PREF,32.2758,130.4160,11.73,0.5
2023/02/20 18:17:35,SOUTHERN KUMAMOTO PREF,32.2695,130.4990,8.63,0.5
2023/03/08 06:34:45,SOUTHERN KUMAMOTO PREF,32.2817,130.4090,2.21,1.0
2023/03/09 15:58:14,SOUTHERN KUMAMOTO PREF,32.2012,130.4210,7.14,1.2
2023/03/21 14:09:00,SOUTHERN KUMAMOTO PREF,32.2030,130.4560,10.46,0.9
2023/04/07 03:28:17,SOUTHERN KUMAMOTO PREF,32.2192,130.4380,8.52,0.9
2023/04/11 23:32:10,SOUTHERN KUMAMOTO PREF,32.2893,130.4130,11.36,1.2
2023/05/15 13:34:56,SOUTHERN KUMAMOTO PREF,32.2022,130.4600,10.97,0.8
2023/05/31 04:18:13,SOUTHERN KUMAMOTO PREF,32.2173,130.4500,8.39,0.6
2023/06/06 15:02:18,SOUTHERN KUMAMOTO PREF,32.2125,130.4240,7.51,0.8
2023/07/07 06:47:10,SOUTHERN KUMAMOTO PREF,32.2183,130.4310,9.35,0.8
2023/07/10 12:56:30,SOUTHERN KUMAMOTO PREF,32.2045,130.4550,9.32,1.4
2023/07/11 20:41:23,SOUTHERN KUMAMOTO PREF,32.2565,130.4770,9.64,0.8
2023/07/13 17:29:01,SOUTHERN KUMAMOTO PREF,32.2965,130.4060,9.23,0.6
2023/07/21 03:14:30,SOUTHERN KUMAMOTO PREF,32.2188,130.4400,9.22,0.6
2023/07/21 18:46:51,SOUTHERN KUMAMOTO PREF,32.2993,130.4060,9.73,1.2
2023/08/03 23:14:20,SOUTHERN KUMAMOTO PREF,32.2053,130.4450,8.26,1.0
2023/08/14 11:49:36,SOUTHERN KUMAMOTO PREF,32.2583,130.4370,7.87,1.4
2023/09/02 19:22:55,SOUTHERN KUMAMOTO PREF,32.2187,130.4380,8.76,0.6
2023/09/05 07:51:51,SOUTHERN KUMAMOTO PREF,32.2198,130.4380,8.48,1.2
2023/09/05 15:18:03,SOUTHERN KUMAMOTO PREF,32.2978,130.4880,9.18,1.5
2023/09/18 03:19:34,SOUTHERN KUMAMOTO PREF,32.2205,130.4300,8.41,0.7
2023/09/18 17:04:40,SOUTHERN KUMAMOTO PREF,32.2305,130.4430,8.82,1.1
2023/09/23 08:03:37,SOUTHERN KUMAMOTO PREF,32.2037,130.4560,10.16,1.1
2023/10/01 10:33:15,SOUTHERN KUMAMOTO PREF,32.2287,130.4390,8.23,0.6
2023/10/02 04:32:07,SOUTHERN KUMAMOTO PREF,32.2927,130.4310,8.05,1.3
2023/10/19 04:40:54,SOUTHERN KUMAMOTO PREF,32.2015,130.4130,5.26,0.5
2023/10/25 05:49:29,SOUTHERN KUMAMOTO PREF,32.2188,130.4280,8.67,1.0
2023/10/25 22:50:33,SOUTHERN KUMAMOTO PREF,32.2057,130.4160,4.95,0.7
2023/11/09 04:04:29,SOUTHERN KUMAMOTO PREF,32.2813,130.4140,6.08,1.3
2023/11/15 15:48:47,SOUTHERN KUMAMOTO PREF,32.2188,130.4310,8.78,0.5
2023/11/21 22:05:35,SOUTHERN KUMAMOTO PREF,32.2822,130.4130,5.9,1.3
2023/11/23 05:30:05,SOUTHERN KUMAMOTO PREF,32.2190,130.4280,9.28,1.4
2023/11/24 21:37:38,SOUTHERN KUMAMOTO PREF,32.2530,130.4040,5.36,1.4
2023/12/03 01:42:31,SOUTHERN KUMAMOTO PREF,32.2182,130.4620,8.99,3.1
2023/12/13 06:47:48,SOUTHERN KUMAMOTO PREF,32.2265,130.4200,9.88,0.6
2023/12/17 05:49:10,SOUTHERN KUMAMOTO PREF,32.2135,130.4210,13.01,0.5
2023/12/28 05:38:38,SOUTHERN KUMAMOTO PREF,32.2523,130.4310,7.12,0.6
2024/01/04 02:49:51,SOUTHERN KUMAMOTO PREF,32.2790,130.4200,0.4,0.7
2024/01/04 06:59:19,SOUTHERN KUMAMOTO PREF,32.2800,130.4190,0.9,1.0
2024/01/10 17:58:12,SOUTHERN KUMAMOTO PREF,32.2230,130.4530,9,0.7
2024/01/23 16:24:59,SOUTHERN KUMAMOTO PREF,32.2630,130.4920,7.4,0.7
2024/02/06 15:43:46,SOUTHERN KUMAMOTO PREF,32.2940,130.4270,13.7,0.6
2024/02/09 12:20:50,SOUTHERN KUMAMOTO PREF,32.2010,130.4380,9.3,0.8
2024/02/11 20:48:30,SOUTHERN KUMAMOTO PREF,32.2170,130.4330,9.9,0.7
2024/02/20 12:19:24,SOUTHERN KUMAMOTO PREF,32.2170,130.4330,9.5,0.6
2024/02/25 08:21:26,SOUTHERN KUMAMOTO PREF,32.2200,130.4350,8.7,1.0
2024/02/25 16:55:42,SOUTHERN KUMAMOTO PREF,32.2730,130.4110,10.1,1.1
2024/03/03 18:08:27,SOUTHERN KUMAMOTO PREF,32.2190,130.4250,8.7,2.3
2024/03/04 09:02:35,SOUTHERN KUMAMOTO PREF,32.2160,130.4570,8.6,1.0
2024/03/06 01:08:47,SOUTHERN KUMAMOTO PREF,32.2180,130.4360,8.2,0.7
2024/03/10 15:30:07,SOUTHERN KUMAMOTO PREF,32.2110,130.4300,10,0.5
2024/03/19 22:34:09,SOUTHERN KUMAMOTO PREF,32.2180,130.4580,8.2,0.9
2024/03/24 20:33:42,SOUTHERN KUMAMOTO PREF,32.2190,130.4290,8.2,0.8
2024/03/25 03:30:23,SOUTHERN KUMAMOTO PREF,32.2160,130.4290,10.1,0.6
2024/03/25 04:40:52,SOUTHERN KUMAMOTO PREF,32.2610,130.4300,8.9,1.1
2024/04/05 02:42:06,SOUTHERN KUMAMOTO PREF,32.2130,130.4560,6.9,0.5
2024/04/15 23:40:58,SOUTHERN KUMAMOTO PREF,32.2870,130.4070,10.3,2.3
2024/04/16 22:19:18,SOUTHERN KUMAMOTO PREF,32.2860,130.4080,9.4,0.9
2024/04/17 03:59:23,SOUTHERN KUMAMOTO PREF,32.2580,130.4600,11.5,0.7
2024/04/26 08:58:29,SOUTHERN KUMAMOTO PREF,32.2640,130.4900,6.7,0.6
2024/04/30 03:04:26,SOUTHERN KUMAMOTO PREF,32.2170,130.4260,9.3,0.7
2024/06/05 15:15:18,SOUTHERN KUMAMOTO PREF,32.2150,130.5000,7.3,0.9
2024/06/05 17:12:57,SOUTHERN KUMAMOTO PREF,32.2170,130.4290,9.4,0.9
2024/06/06 04:03:24,SOUTHERN KUMAMOTO PREF,32.2760,130.4300,10.3,0.5
2024/06/06 20:52:54,SOUTHERN KUMAMOTO PREF,32.2190,130.4280,9.2,1.0
2024/06/09 08:36:28,SOUTHERN KUMAMOTO PREF,32.2170,130.4320,10.1,0.5
2024/06/11 17:13:31,SOUTHERN KUMAMOTO PREF,32.2180,130.4320,9.2,0.5
2024/06/26 00:13:57,SOUTHERN KUMAMOTO PREF,32.2210,130.4420,8.5,0.6
2024/07/16 05:29:13,SOUTHERN KUMAMOTO PREF,32.2070,130.4190,6.9,0.9
2024/07/28 07:02:50,SOUTHERN KUMAMOTO PREF,32.2820,130.4090,0.1,0.7
2024/08/05 16:02:03,SOUTHERN KUMAMOTO PREF,32.2480,130.4300,2.7,0.5
2024/08/08 13:56:48,SOUTHERN KUMAMOTO PREF,32.2270,130.4330,9.4,0.5
2024/08/16 09:57:57,SOUTHERN KUMAMOTO PREF,32.2900,130.4570,0,1.4
2024/08/17 08:07:50,SOUTHERN KUMAMOTO PREF,32.2800,130.4880,5.9,1.1
2024/09/16 03:08:22,SOUTHERN KUMAMOTO PREF,32.2970,130.4620,1.8,1.5
2024/09/16 07:21:03,SOUTHERN KUMAMOTO PREF,32.2960,130.4620,0.2,1.7
2024/09/16 08:12:27,SOUTHERN KUMAMOTO PREF,32.2990,130.4470,0.8,1.7
2024/09/25 18:43:01,SOUTHERN KUMAMOTO PREF,32.2560,130.4170,9.1,0.7
2024/10/07 06:45:25,SOUTHERN KUMAMOTO PREF,32.2180,130.4320,9.8,0.8
2024/10/07 07:32:55,SOUTHERN KUMAMOTO PREF,32.2180,130.4300,9.6,1.6
2024/10/15 02:56:40,SOUTHERN KUMAMOTO PREF,32.2190,130.4320,9.5,0.7
2024/10/16 18:44:37,SOUTHERN KUMAMOTO PREF,32.2170,130.4610,9,1.0
2024/10/20 17:29:01,SOUTHERN KUMAMOTO PREF,32.2920,130.4110,9.8,0.5
2024/10/26 01:47:46,SOUTHERN KUMAMOTO PREF,32.2200,130.4420,8.6,1.0
2024/11/11 12:08:56,SOUTHERN KUMAMOTO PREF,32.2220,130.4260,6.8,1.0
2024/11/22 06:52:05,SOUTHERN KUMAMOTO PREF,32.2110,130.4590,5.7,0.7
2024/11/25 21:55:18,SOUTHERN KUMAMOTO PREF,32.2930,130.4690,7,0.6
2024/11/30 06:47:28,SOUTHERN KUMAMOTO PREF,32.2120,130.4620,5,0.5
2024/12/02 10:30:16,SOUTHERN KUMAMOTO PREF,32.2970,130.4910,9.5,0.6
2024/12/03 17:04:17,SOUTHERN KUMAMOTO PREF,32.2940,130.4890,8.1,1.4
2024/12/16 20:33:09,SOUTHERN KUMAMOTO PREF,32.2200,130.4370,9.1,0.5
2024/12/18 20:56:36,SOUTHERN KUMAMOTO PREF,32.2020,130.4350,8.1,1.4
2024/12/27 21:34:28,SOUTHERN KUMAMOTO PREF,32.2420,130.4360,6.4,1.2
2024/12/28 21:25:01,SOUTHERN KUMAMOTO PREF,32.2960,130.4270,6.1,0.8
2024/12/28 22:29:29,SOUTHERN KUMAMOTO PREF,32.2950,130.4310,8.3,0.6
2024/12/31 19:28:33,SOUTHERN KUMAMOTO PREF,32.2400,130.4300,8.8,0.8
2025/01/01 00:34:39,SOUTHERN KUMAMOTO PREF,32.2410,130.4330,5.9,1.4
2025/01/01 05:45:24,SOUTHERN KUMAMOTO PREF,32.2390,130.4310,6.5,0.7
2025/01/01 05:50:47,SOUTHERN KUMAMOTO PREF,32.2370,130.4280,9.4,1.4
2025/01/12 04:12:44,SOUTHERN KUMAMOTO PREF,32.2200,130.4620,8.1,0.9
2025/01/22 21:29:41,SOUTHERN KUMAMOTO PREF,32.2960,130.4640,8.3,1.4
2025/01/30 17:15:39,SOUTHERN KUMAMOTO PREF,32.2180,130.4270,10.3,0.7
2025/02/22 18:48:36,SOUTHERN KUMAMOTO PREF,32.2400,130.4250,3.9,0.5
2025/03/04 20:21:53,SOUTHERN KUMAMOTO PREF,32.2700,130.4060,12.4,1.2
2025/03/09 20:50:25,SOUTHERN KUMAMOTO PREF,32.2790,130.4110,7.2,0.6
2025/03/16 04:05:16,SOUTHERN KUMAMOTO PREF,32.2180,130.4320,9.5,0.6
2025/03/21 17:49:18,SOUTHERN KUMAMOTO PREF,32.2100,130.4660,8.4,1.6
2025/04/16 23:19:54,SOUTHERN KUMAMOTO PREF,32.2610,130.4760,7.3,0.5
2025/04/22 06:16:00,SOUTHERN KUMAMOTO PREF,32.2150,130.4720,7.6,1.0
2025/05/08 04:32:14,SOUTHERN KUMAMOTO PREF,32.2220,130.4390,9,0.5
2025/05/09 05:53:50,SOUTHERN KUMAMOTO PREF,32.2170,130.4850,6.4,1.4
2025/05/20 05:57:57,SOUTHERN KUMAMOTO PREF,32.2270,130.4660,3.3,1.3
2025/05/23 20:00:15,SOUTHERN KUMAMOTO PREF,32.2110,130.4450,7.7,1.0
2025/05/25 08:51:04,SOUTHERN KUMAMOTO PREF,32.2380,130.4270,0.6,1.1
2025/05/28 14:12:45,SOUTHERN KUMAMOTO PREF,32.2020,130.4540,10.8,0.5
2025/06/05 10:02:18,SOUTHERN KUMAMOTO PREF,32.2280,130.4890,3.5,0.9
2025/06/30 20:40:24,SOUTHERN KUMAMOTO PREF,32.2210,130.4190,10.6,0.6
2025/07/07 05:03:37,SOUTHERN KUMAMOTO PREF,32.2190,130.4280,8.7,0.5
2025/07/12 03:03:58,SOUTHERN KUMAMOTO PREF,32.2270,130.4920,1.2,0.9
2025/07/12 11:04:19,SOUTHERN KUMAMOTO PREF,32.2020,130.4170,5.2,1.0
2025/07/13 13:34:41,SOUTHERN KUMAMOTO PREF,32.2460,130.4400,5.4,0.8
2025/07/14 13:38:13,SOUTHERN KUMAMOTO PREF,32.2480,130.4380,7.4,1.0
2025/07/18 09:04:58,SOUTHERN KUMAMOTO PREF,32.2820,130.4110,6.5,0.6
2025/08/04 19:30:57,SOUTHERN KUMAMOTO PREF,32.2390,130.4300,2.1,1.3
2025/08/05 06:05:28,SOUTHERN KUMAMOTO PREF,32.2280,130.4600,9.5,0.6
2025/08/05 09:56:09,SOUTHERN KUMAMOTO PREF,32.2550,130.4090,6.2,0.5
2025/08/06 00:58:30,SOUTHERN KUMAMOTO PREF,32.2800,130.4120,7.6,0.5
2025/08/21 04:40:46,SOUTHERN KUMAMOTO PREF,32.2880,130.4120,12.2,0.6
2025/09/01 13:26:59,SOUTHERN KUMAMOTO PREF,32.2290,130.4940,6.6,0.7
2025/09/05 14:20:45,SOUTHERN KUMAMOTO PREF,32.2190,130.4290,9.6,0.5
2025/09/07 01:00:00,SOUTHERN KUMAMOTO PREF,32.2820,130.5000,6.6,1.4
2025/09/11 22:51:44,SOUTHERN KUMAMOTO PREF,32.2160,130.4250,8.2,0.5
2025/09/21 20:46:56,SOUTHERN KUMAMOTO PREF,32.2350,130.4200,3.3,0.5
2025/10/04 22:49:36,SOUTHERN KUMAMOTO PREF,32.2260,130.4920,1.1,0.5
2025/10/05 16:39:29,SOUTHERN KUMAMOTO PREF,32.2900,130.4520,8.9,1.2
2025/10/09 11:35:15,SOUTHERN KUMAMOTO PREF,32.2910,130.4520,9.6,1.6
2025/10/09 17:36:01,SOUTHERN KUMAMOTO PREF,32.2910,130.4540,9.6,0.6
2025/10/09 17:45:39,SOUTHERN KUMAMOTO PREF,32.2880,130.4510,9.3,1.1
2025/10/17 18:02:01,SOUTHERN KUMAMOTO PREF,32.2300,130.4970,4.1,2.2
2025/10/18 06:20:17,SOUTHERN KUMAMOTO PREF,32.2300,130.4980,4.3,1.1
2025/10/22 18:50:03,SOUTHERN KUMAMOTO PREF,32.2100,130.4170,0.2,1.0
2025/10/26 18:31:17,SOUTHERN KUMAMOTO PREF,32.2300,130.4970,6.8,0.7
2025/10/27 06:34:33,SOUTHERN KUMAMOTO PREF,32.2390,130.4340,5.9,0.9
2025/10/30 16:35:26,SOUTHERN KUMAMOTO PREF,32.2380,130.4360,4.7,0.7
2025/10/30 18:14:36,SOUTHERN KUMAMOTO PREF,32.2380,130.4240,1.9,1.7
2025/11/01 12:27:31,SOUTHERN KUMAMOTO PREF,32.2930,130.4740,3.9,0.6
2025/11/01 13:39:58,SOUTHERN KUMAMOTO PREF,32.2830,130.4480,9.6,0.9
2025/11/01 17:15:00,SOUTHERN KUMAMOTO PREF,32.2840,130.4490,12.4,0.6
2025/11/02 13:32:15,SOUTHERN KUMAMOTO PREF,32.2970,130.4630,8,1.6
2025/11/05 13:05:37,SOUTHERN KUMAMOTO PREF,32.2960,130.4650,8.8,1.2
2025/11/10 18:51:11,SOUTHERN KUMAMOTO PREF,32.3000,130.4080,9.1,0.8
2025/11/11 00:57:32,SOUTHERN KUMAMOTO PREF,32.2110,130.4270,9.6,0.9
2025/11/13 04:11:39,SOUTHERN KUMAMOTO PREF,32.2550,130.4170,8.8,0.8
2025/11/16 18:25:30,SOUTHERN KUMAMOTO PREF,32.2610,130.4870,7.7,0.6
2025/11/18 08:49:08,SOUTHERN KUMAMOTO PREF,32.2270,130.4960,2.6,1.2
2025/11/28 05:52:06,SOUTHERN KUMAMOTO PREF,32.2600,130.4950,10.7,0.5
2026/01/05 12:48:28,SOUTHERN KUMAMOTO PREF,32.2320,130.4960,4.3,2.6
2026/01/06 02:39:49,SOUTHERN KUMAMOTO PREF,32.2250,130.4890,2.6,0.6
2026/01/09 23:05:15,SOUTHERN KUMAMOTO PREF,32.2280,130.4970,2.5,1.1
2026/01/10 15:12:00,SOUTHERN KUMAMOTO PREF,32.2160,130.4230,8.2,0.9
2026/01/17 14:58:50,SOUTHERN KUMAMOTO PREF,32.2300,130.4930,5.2,0.7
2026/01/20 09:11:26,SOUTHERN KUMAMOTO PREF,32.2290,130.4940,5.7,0.9
2026/01/21 06:38:39,SOUTHERN KUMAMOTO PREF,32.2180,130.4640,8.5,1.2
2026/01/21 07:38:13,SOUTHERN KUMAMOTO PREF,32.2170,130.4670,10.1,0.6
2026/01/23 14:42:39,SOUTHERN KUMAMOTO PREF,32.2700,130.4060,7.8,0.7
2026/01/25 00:11:51,SOUTHERN KUMAMOTO PREF,32.2120,130.4480,6.2,1.6
2026/01/25 21:29:52,SOUTHERN KUMAMOTO PREF,32.2260,130.4970,0.7,0.5
2026/01/30 18:41:17,SOUTHERN KUMAMOTO PREF,32.2080,130.4430,5.6,0.5
2026/02/01 06:26:01,SOUTHERN KUMAMOTO PREF,32.2540,130.5000,6.7,0.5
2026/02/02 08:15:08,SOUTHERN KUMAMOTO PREF,32.2940,130.4280,6.9,0.5
2026/02/08 19:36:15,SOUTHERN KUMAMOTO PREF,32.2150,130.4390,8.8,0.8
2026/02/14 20:08:22,SOUTHERN KUMAMOTO PREF,32.2870,130.4010,9.7,1.1
2026/02/25 02:10:11,SOUTHERN KUMAMOTO PREF,32.2270,130.4910,2.1,0.7
2026/03/02 00:45:08,SOUTHERN KUMAMOTO PREF,32.2490,130.4370,3.4,1.1
2026/03/02 02:02:07,SOUTHERN KUMAMOTO PREF,32.2480,130.4400,5.7,1.4
2026/03/02 11:59:04,SOUTHERN KUMAMOTO PREF,32.2470,130.4380,6.3,0.8
2026/03/03 05:05:33,SOUTHERN KUMAMOTO PREF,32.2440,130.4400,5.2,0.9
2026/03/04 04:50:49,SOUTHERN KUMAMOTO PREF,32.2480,130.4440,5.9,0.8
2026/03/05 02:32:18,SOUTHERN KUMAMOTO PREF,32.2450,130.4430,6,0.8
2026/03/05 02:35:00,SOUTHERN KUMAMOTO PREF,32.2470,130.4440,5.5,0.5
2026/03/05 13:48:16,SOUTHERN KUMAMOTO PREF,32.2330,130.4270,2.1,1.6
2026/03/05 13:48:46,SOUTHERN KUMAMOTO PREF,32.2370,130.4270,0,0.8
2026/03/05 15:35:48,SOUTHERN KUMAMOTO PREF,32.2340,130.4250,0.7,1.0
2026/03/06 04:57:51,SOUTHERN KUMAMOTO PREF,32.2460,130.4420,7.6,1.5
2026/03/06 17:23:42,SOUTHERN KUMAMOTO PREF,32.2440,130.4440,4.2,0.5
2026/03/06 17:24:01,SOUTHERN KUMAMOTO PREF,32.2450,130.4440,7.7,1.4
2026/03/06 20:49:14,SOUTHERN KUMAMOTO PREF,32.2450,130.4430,5.8,0.5
2026/03/06 21:05:00,SOUTHERN KUMAMOTO PREF,32.2310,130.4280,1.8,0.5
2026/03/06 23:29:16,SOUTHERN KUMAMOTO PREF,32.2480,130.4480,9,3.4
2026/03/07 07:59:49,SOUTHERN KUMAMOTO PREF,32.2440,130.4450,6.9,1.1
2026/03/07 23:21:25,SOUTHERN KUMAMOTO PREF,32.2550,130.4400,5.2,1.4
2026/03/08 06:02:01,SOUTHERN KUMAMOTO PREF,32.2470,130.4400,8.9,1.2
2026/03/14 20:13:34,SOUTHERN KUMAMOTO PREF,32.2500,130.4410,5.8,1.6
2026/03/15 01:33:40,SOUTHERN KUMAMOTO PREF,32.2460,130.4400,4.5,1.0
2026/03/15 23:10:32,SOUTHERN KUMAMOTO PREF,32.2480,130.4410,6.7,3.9
2026/03/15 23:11:44,SOUTHERN KUMAMOTO PREF,32.2480,130.4330,6.6,1.5
2026/03/15 23:12:52,SOUTHERN KUMAMOTO PREF,32.2460,130.4400,6.4,1.6
2026/03/15 23:13:40,SOUTHERN KUMAMOTO PREF,32.2450,130.4290,7.2,0.6
2026/03/15 23:13:53,SOUTHERN KUMAMOTO PREF,32.2490,130.4290,3.2,1.8
2026/03/15 23:15:03,SOUTHERN KUMAMOTO PREF,32.2480,130.4400,6.4,0.5
2026/03/15 23:15:28,SOUTHERN KUMAMOTO PREF,32.2480,130.4310,4.1,1.9
2026/03/15 23:16:31,SOUTHERN KUMAMOTO PREF,32.2470,130.4410,7,0.6
2026/03/15 23:17:44,SOUTHERN KUMAMOTO PREF,32.2490,130.4310,5.9,2.2
2026/03/15 23:19:31,SOUTHERN KUMAMOTO PREF,32.2540,130.4440,8.1,1.0
2026/03/15 23:20:06,SOUTHERN KUMAMOTO PREF,32.2470,130.4290,3.4,0.7
2026/03/15 23:22:06,SOUTHERN KUMAMOTO PREF,32.2460,130.4300,6.6,1.6
2026/03/15 23:22:34,SOUTHERN KUMAMOTO PREF,32.2450,130.4430,6,0.6
2026/03/15 23:26:14,SOUTHERN KUMAMOTO PREF,32.2470,130.4330,7.2,1.2
2026/03/15 23:28:36,SOUTHERN KUMAMOTO PREF,32.2450,130.4370,5.8,0.6
2026/03/15 23:29:13,SOUTHERN KUMAMOTO PREF,32.2480,130.4400,6.7,0.6
2026/03/15 23:31:52,SOUTHERN KUMAMOTO PREF,32.2480,130.4350,6.7,2.7
2026/03/15 23:32:47,SOUTHERN KUMAMOTO PREF,32.2460,130.4320,5.1,0.8
2026/03/15 23:33:30,SOUTHERN KUMAMOTO PREF,32.2480,130.4300,6.4,1.0
2026/03/15 23:35:29,SOUTHERN KUMAMOTO PREF,32.2430,130.4290,5.6,0.5
2026/03/15 23:36:46,SOUTHERN KUMAMOTO PREF,32.2470,130.4350,7.4,1.4
2026/03/15 23:37:04,SOUTHERN KUMAMOTO PREF,32.2470,130.4300,4.2,2.0
2026/03/15 23:38:21,SOUTHERN KUMAMOTO PREF,32.2460,130.4380,6.8,1.1
2026/03/15 23:38:28,SOUTHERN KUMAMOTO PREF,32.2450,130.4340,8.1,1.1
2026/03/15 23:39:51,SOUTHERN KUMAMOTO PREF,32.2440,130.4340,6.1,0.5
2026/03/15 23:40:53,SOUTHERN KUMAMOTO PREF,32.2470,130.4330,5.1,0.6
2026/03/15 23:42:22,SOUTHERN KUMAMOTO PREF,32.2460,130.4350,6.4,2.3
2026/03/15 23:45:40,SOUTHERN KUMAMOTO PREF,32.2500,130.4300,3.8,1.1
2026/03/15 23:49:17,SOUTHERN KUMAMOTO PREF,32.2490,130.4400,5.3,0.5
2026/03/15 23:52:57,SOUTHERN KUMAMOTO PREF,32.2480,130.4290,6.7,1.2
2026/03/15 23:54:43,SOUTHERN KUMAMOTO PREF,32.2460,130.4330,6.5,0.8
2026/03/15 23:59:07,SOUTHERN KUMAMOTO PREF,32.2480,130.4320,5.8,0.9
2026/03/15 23:59:56,SOUTHERN KUMAMOTO PREF,32.2480,130.4340,7.7,0.7
2026/03/16 00:02:56,SOUTHERN KUMAMOTO PREF,32.2470,130.4390,6.1,1.0
2026/03/16 00:07:58,SOUTHERN KUMAMOTO PREF,32.2490,130.4400,7.6,2.8
2026/03/16 00:08:27,SOUTHERN KUMAMOTO PREF,32.2450,130.4410,5.7,2.4
2026/03/16 00:12:45,SOUTHERN KUMAMOTO PREF,32.2460,130.4390,5.6,1.1
2026/03/16 00:14:13,SOUTHERN KUMAMOTO PREF,32.2520,130.4320,10.6,0.7
2026/03/16 00:16:03,SOUTHERN KUMAMOTO PREF,32.2460,130.4350,6.4,1.8
2026/03/16 00:17:03,SOUTHERN KUMAMOTO PREF,32.2450,130.4380,6.4,0.5
2026/03/16 00:20:49,SOUTHERN KUMAMOTO PREF,32.2470,130.4390,7,0.8
2026/03/16 00:22:02,SOUTHERN KUMAMOTO PREF,32.2460,130.4370,6.3,2.0
2026/03/16 00:24:32,SOUTHERN KUMAMOTO PREF,32.2500,130.4340,7.4,1.5
2026/03/16 00:24:54,SOUTHERN KUMAMOTO PREF,32.2450,130.4300,6.1,0.7
2026/03/16 00:41:49,SOUTHERN KUMAMOTO PREF,32.2500,130.4330,5.8,0.5
2026/03/16 00:46:25,SOUTHERN KUMAMOTO PREF,32.2490,130.4290,6.5,1.3
2026/03/16 00:51:30,SOUTHERN KUMAMOTO PREF,32.2460,130.4360,7.8,0.8
2026/03/16 00:59:51,SOUTHERN KUMAMOTO PREF,32.2460,130.4330,5.8,1.5
2026/03/16 01:06:00,SOUTHERN KUMAMOTO PREF,32.2500,130.4370,7.5,1.2
2026/03/16 01:07:01,SOUTHERN KUMAMOTO PREF,32.2460,130.4380,7.2,1.3
2026/03/16 01:09:02,SOUTHERN KUMAMOTO PREF,32.2430,130.4390,9.1,0.8
2026/03/16 01:09:46,SOUTHERN KUMAMOTO PREF,32.2450,130.4390,7.6,0.9
2026/03/16 01:11:08,SOUTHERN KUMAMOTO PREF,32.2480,130.4300,8.1,0.8
2026/03/16 01:13:49,SOUTHERN KUMAMOTO PREF,32.2490,130.4300,8,0.6
2026/03/16 01:20:10,SOUTHERN KUMAMOTO PREF,32.2510,130.4400,10,0.8
2026/03/16 01:23:55,SOUTHERN KUMAMOTO PREF,32.2470,130.4440,11.1,1.6
2026/03/16 01:25:18,SOUTHERN KUMAMOTO PREF,32.2430,130.4380,10.1,3.5
2026/03/16 01:29:16,SOUTHERN KUMAMOTO PREF,32.2510,130.4290,8.5,1.1
2026/03/16 01:29:40,SOUTHERN KUMAMOTO PREF,32.2450,130.4370,9.1,1.0
2026/03/16 01:30:01,SOUTHERN KUMAMOTO PREF,32.2450,130.4380,5.5,0.7
2026/03/16 01:30:09,SOUTHERN KUMAMOTO PREF,32.2500,130.4390,5.8,0.8
2026/03/16 01:36:43,SOUTHERN KUMAMOTO PREF,32.2460,130.4380,6.8,1.0
2026/03/16 01:36:45,SOUTHERN KUMAMOTO PREF,32.2470,130.4360,6,1.7
2026/03/16 01:36:57,SOUTHERN KUMAMOTO PREF,32.2490,130.4380,7.3,1.3
2026/03/16 01:42:28,SOUTHERN KUMAMOTO PREF,32.2470,130.4350,5.3,1.0
2026/03/16 01:45:03,SOUTHERN KUMAMOTO PREF,32.2490,130.4370,6.7,0.5
2026/03/16 01:59:20,SOUTHERN KUMAMOTO PREF,32.2470,130.4300,6.6,2.4
2026/03/16 02:09:45,SOUTHERN KUMAMOTO PREF,32.2480,130.4380,4.8,0.7
2026/03/16 02:29:23,SOUTHERN KUMAMOTO PREF,32.2480,130.4390,6.2,0.7
2026/03/16 02:53:28,SOUTHERN KUMAMOTO PREF,32.2450,130.4290,5.2,1.0
2026/03/16 03:00:30,SOUTHERN KUMAMOTO PREF,32.2440,130.4310,6.5,0.6
2026/03/16 03:02:32,SOUTHERN KUMAMOTO PREF,32.2440,130.4410,5.7,0.7
2026/03/16 03:18:28,SOUTHERN KUMAMOTO PREF,32.2460,130.4380,5.5,1.4
2026/03/16 03:52:42,SOUTHERN KUMAMOTO PREF,32.2460,130.4390,5.6,2.2
2026/03/16 04:01:33,SOUTHERN KUMAMOTO PREF,32.2480,130.4340,5.6,1.0
2026/03/16 04:54:56,SOUTHERN KUMAMOTO PREF,32.2450,130.4340,4.9,0.6
2026/03/16 05:22:27,SOUTHERN KUMAMOTO PREF,32.2500,130.4450,10.7,1.0
2026/03/16 05:24:02,SOUTHERN KUMAMOTO PREF,32.2490,130.4300,2.2,0.5
2026/03/16 05:37:01,SOUTHERN KUMAMOTO PREF,32.2470,130.4330,5,2.8
2026/03/16 05:37:33,SOUTHERN KUMAMOTO PREF,32.2460,130.4340,8.4,0.7
2026/03/16 05:43:33,SOUTHERN KUMAMOTO PREF,32.2480,130.4280,6.2,0.6
2026/03/16 05:48:02,SOUTHERN KUMAMOTO PREF,32.2450,130.4400,5.7,1.5
2026/03/16 06:01:30,SOUTHERN KUMAMOTO PREF,32.2480,130.4310,6.9,2.7
2026/03/16 06:12:36,SOUTHERN KUMAMOTO PREF,32.2470,130.4290,5.3,2.1
2026/03/16 06:17:48,SOUTHERN KUMAMOTO PREF,32.2480,130.4310,5.7,1.7
2026/03/16 06:20:40,SOUTHERN KUMAMOTO PREF,32.2450,130.4300,7.1,1.6
2026/03/16 06:26:43,SOUTHERN KUMAMOTO PREF,32.2450,130.4350,6.3,1.4
2026/03/16 07:44:11,SOUTHERN KUMAMOTO PREF,32.2450,130.4340,5.7,0.7
2026/03/16 07:55:28,SOUTHERN KUMAMOTO PREF,32.2480,130.4310,6.7,1.9
2026/03/16 08:47:11,SOUTHERN KUMAMOTO PREF,32.2470,130.4360,2.4,0.9
2026/03/16 08:51:13,SOUTHERN KUMAMOTO PREF,32.2460,130.4380,6.3,0.7
2026/03/16 09:10:42,SOUTHERN KUMAMOTO PREF,32.2510,130.4300,7.3,0.5
2026/03/16 10:07:27,SOUTHERN KUMAMOTO PREF,32.2460,130.4360,7.1,0.8
2026/03/16 10:45:51,SOUTHERN KUMAMOTO PREF,32.2470,130.4470,11.7,1.3
2026/03/16 11:34:54,SOUTHERN KUMAMOTO PREF,32.2460,130.4420,6.7,0.9
2026/03/16 11:45:16,SOUTHERN KUMAMOTO PREF,32.2460,130.4250,6.4,2.2
2026/03/16 11:47:12,SOUTHERN KUMAMOTO PREF,32.2510,130.4320,7.8,0.7
2026/03/16 11:47:47,SOUTHERN KUMAMOTO PREF,32.2420,130.4280,5.7,0.5
2026/03/16 12:07:54,SOUTHERN KUMAMOTO PREF,32.2390,130.4390,6.4,0.7
2026/03/16 12:28:55,SOUTHERN KUMAMOTO PREF,32.2460,130.4280,6,1.0
2026/03/16 13:46:10,SOUTHERN KUMAMOTO PREF,32.2480,130.4290,6.3,1.2
2026/03/16 15:02:34,SOUTHERN KUMAMOTO PREF,32.2430,130.4270,6.8,0.7
2026/03/16 17:01:34,SOUTHERN KUMAMOTO PREF,32.2470,130.4350,7,1.4
2026/03/16 18:10:44,SOUTHERN KUMAMOTO PREF,32.2490,130.4400,5.4,0.5
2026/03/16 18:34:52,SOUTHERN KUMAMOTO PREF,32.2460,130.4360,7,0.6
2026/03/16 18:37:48,SOUTHERN KUMAMOTO PREF,32.2450,130.4340,5.5,0.7
2026/03/16 19:10:47,SOUTHERN KUMAMOTO PREF,32.2460,130.4430,7.6,1.4
2026/03/16 19:12:57,SOUTHERN KUMAMOTO PREF,32.2440,130.4420,5.5,1.2
2026/03/16 19:17:36,SOUTHERN KUMAMOTO PREF,32.2450,130.4400,7.1,1.5
2026/03/16 19:18:09,SOUTHERN KUMAMOTO PREF,32.2470,130.4270,9.3,0.8
2026/03/16 19:47:14,SOUTHERN KUMAMOTO PREF,32.2530,130.4290,8.2,1.5
2026/03/16 21:34:08,SOUTHERN KUMAMOTO PREF,32.2530,130.4270,4.4,0.8
2026/03/16 21:40:04,SOUTHERN KUMAMOTO PREF,32.2460,130.4410,5.9,0.6
2026/03/16 22:07:42,SOUTHERN KUMAMOTO PREF,32.2470,130.4450,6.2,0.6
2026/03/16 23:22:57,SOUTHERN KUMAMOTO PREF,32.2520,130.4320,5.5,0.6
2026/03/16 23:23:32,SOUTHERN KUMAMOTO PREF,32.2480,130.4330,7,1.4
2026/03/16 23:52:36,SOUTHERN KUMAMOTO PREF,32.2480,130.4470,12.6,0.9
2026/03/17 00:25:19,SOUTHERN KUMAMOTO PREF,32.2540,130.4360,1.8,0.5
2026/03/17 00:25:36,SOUTHERN KUMAMOTO PREF,32.2500,130.4340,6.6,2.1
2026/03/17 00:34:52,SOUTHERN KUMAMOTO PREF,32.2430,130.4330,5.2,0.7
2026/03/17 02:48:48,SOUTHERN KUMAMOTO PREF,32.2450,130.4240,5.4,0.6
2026/03/17 05:32:01,SOUTHERN KUMAMOTO PREF,32.2450,130.4250,7.3,0.8
2026/03/17 05:45:36,SOUTHERN KUMAMOTO PREF,32.2450,130.4390,8.3,0.7
2026/03/17 06:28:43,SOUTHERN KUMAMOTO PREF,32.2430,130.4370,5.8,0.8
2026/03/17 09:41:26,SOUTHERN KUMAMOTO PREF,32.2450,130.4250,6.2,1.8
2026/03/17 09:43:41,SOUTHERN KUMAMOTO PREF,32.2470,130.4330,6.8,0.7
2026/03/17 10:10:03,SOUTHERN KUMAMOTO PREF,32.2480,130.4330,9.1,0.9
2026/03/17 11:17:18,SOUTHERN KUMAMOTO PREF,32.2430,130.4290,6.6,1.0
2026/03/17 11:29:53,SOUTHERN KUMAMOTO PREF,32.2490,130.4220,5,0.5
2026/03/17 12:03:59,SOUTHERN KUMAMOTO PREF,32.2490,130.4310,10,1.0
2026/03/17 12:34:04,SOUTHERN KUMAMOTO PREF,32.2460,130.4340,6.5,0.7
2026/03/17 12:39:47,SOUTHERN KUMAMOTO PREF,32.2450,130.4320,5.8,1.1
2026/03/17 12:44:37,SOUTHERN KUMAMOTO PREF,32.2440,130.4310,8.3,0.8
2026/03/17 12:44:56,SOUTHERN KUMAMOTO PREF,32.2480,130.4300,7.5,1.0
2026/03/17 12:57:32,SOUTHERN KUMAMOTO PREF,32.2480,130.4280,6.6,1.3
2026/03/17 13:51:48,SOUTHERN KUMAMOTO PREF,32.2450,130.4260,5.7,0.5
2026/03/17 14:12:03,SOUTHERN KUMAMOTO PREF,32.2460,130.4290,5.1,1.3
2026/03/17 15:23:18,SOUTHERN KUMAMOTO PREF,32.2450,130.4330,6.2,0.9
2026/03/17 16:14:35,SOUTHERN KUMAMOTO PREF,32.2450,130.4230,7,2.2
2026/03/17 16:28:58,SOUTHERN KUMAMOTO PREF,32.2480,130.4370,5.4,0.8
2026/03/17 16:32:58,SOUTHERN KUMAMOTO PREF,32.2480,130.4270,7,1.3
2026/03/17 17:28:17,SOUTHERN KUMAMOTO PREF,32.2470,130.4320,6.5,0.9
2026/03/17 18:07:22,SOUTHERN KUMAMOTO PREF,32.2450,130.4310,6.9,0.9
2026/03/17 18:09:33,SOUTHERN KUMAMOTO PREF,32.2450,130.4280,5.5,0.6
2026/03/17 19:09:10,SOUTHERN KUMAMOTO PREF,32.2470,130.4260,9.3,1.3
2026/03/17 19:11:37,SOUTHERN KUMAMOTO PREF,32.2430,130.4300,7.9,1.5
2026/03/17 19:33:07,SOUTHERN KUMAMOTO PREF,32.2460,130.4230,5.7,1.1
2026/03/17 19:56:46,SOUTHERN KUMAMOTO PREF,32.2470,130.4290,8.3,0.8
2026/03/17 20:26:28,SOUTHERN KUMAMOTO PREF,32.2490,130.4310,5.1,0.6
2026/03/17 20:45:53,SOUTHERN KUMAMOTO PREF,32.2480,130.4220,6.9,2.0
2026/03/17 20:46:11,SOUTHERN KUMAMOTO PREF,32.2490,130.4230,6.4,1.2
2026/03/17 20:47:11,SOUTHERN KUMAMOTO PREF,32.2450,130.4250,6.2,0.9
2026/03/17 21:10:25,SOUTHERN KUMAMOTO PREF,32.2440,130.4410,5.5,1.0
2026/03/17 22:36:41,SOUTHERN KUMAMOTO PREF,32.2440,130.4450,7.1,1.2
2026/03/17 22:36:47,SOUTHERN KUMAMOTO PREF,32.2470,130.4340,6.5,2.3
2026/03/17 22:41:48,SOUTHERN KUMAMOTO PREF,32.2480,130.4310,6.4,1.6